Study,Comparison ID,Intervention,Comparator,Outcome,Timepoint,Data type,n I,n C,Mean/Median I,SD/IQR I,Mean/Median C,SD/IQR C,Unit,Exact 0-24 h?,Primary eligibility,Analysis readiness,Reason,Duplicate hold,Source-QC issue,Source URL
Seevaunnamtum 2016,SEEVA16_EA_vs_UC,Intraoperative EA,Standard care,Cumulative IV PCA morphine requirement,First 24 h postoperatively,Mean/SD,32,32,21.38,14.38,33.94,20.24,mg morphine,Yes,Yes,INCLUDE,Explicit 0-24-h postoperative opioid endpoint and marked eligible in the reconciled source data.,,No allocation-concealment method reported,https://drive.google.com/file/d/1OhuqhDUCEmOij7fZFhHHCJNwfQ9xpMzd/view?usp=drivesdk
Chen 1998,CHEN98_NONACU_vs_SHAM,Active nonacupoint shoulder TENS,Sham ST36 TENS (0 mA),Cumulative IV PCA hydromorphone,First 24 h postoperatively,Mean/SD,25,25,10.5,6.2,10.7,5,mg hydromorphone,Yes,Yes,INCLUDE,Explicit 0-24-h postoperative opioid endpoint and marked eligible in the reconciled source data.,,Four-arm RCT; shared sham control must be handled correctly,https://drive.google.com/file/d/1lUyYj9aN1CL9RpY86ZY0970To83Kb17s/view?usp=drivesdk
Chen 1998,CHEN98_DERM_vs_SHAM,Active dermatomal/peri-incisional TENS,Sham ST36 TENS (0 mA),Cumulative IV PCA hydromorphone,First 24 h postoperatively,Mean/SD,25,25,6.8,4.2,10.7,5,mg hydromorphone,Yes,Yes,INCLUDE,Explicit 0-24-h postoperative opioid endpoint and marked eligible in the reconciled source data.,,Four-arm RCT; shared sham control must be handled correctly,https://drive.google.com/file/d/1lUyYj9aN1CL9RpY86ZY0970To83Kb17s/view?usp=drivesdk
Chen 1998,CHEN98_ACU_vs_SHAM,Active ST36 acupoint TENS,Sham ST36 TENS (0 mA),Cumulative IV PCA hydromorphone,First 24 h postoperatively,Mean/SD,25,25,6.5,3.5,10.7,5,mg hydromorphone,Yes,Yes,INCLUDE,Explicit 0-24-h postoperative opioid endpoint and marked eligible in the reconciled source data.,,Four-arm RCT; shared sham control must be handled correctly,https://drive.google.com/file/d/1lUyYj9aN1CL9RpY86ZY0970To83Kb17s/view?usp=drivesdk
Chen 2020,CHEN20_TEAS_vs_SHAM,Perioperative TEAS,Sham low/zero-current protocol,Cumulative sufentanil,24 h postoperatively,Mean/SD,40,40,72.43,4.78,100.62,10.2,µg sufentanil,Yes,Yes,INCLUDE,Explicit 0-24-h postoperative opioid endpoint and marked eligible in the reconciled source data.,,Sham was 4 mA pre/postoperatively but 0 mA intraoperatively; preserve this nuance,https://drive.google.com/file/d/1y0_cC1NCl5g2vYxDMOtYmxVA_YEE-rsR/view?usp=drivesdk
Coura 2011,COURA11_EA_vs_SHAM,Preoperative EA,Sham stimulation,Cumulative fentanyl,First 24 h postoperatively,Mean/SD,13,9,13.1,2.2,16.3,1.6,µg/kg fentanyl,Yes,Conditional,CONDITIONAL,24-h opioid endpoint exists but requires a prespecified route/unit/time-window or derived-value rule.,,10/32 post-randomization exclusions; supplemental morphine/fentanyl inclusion unclear,https://drive.google.com/file/d/120NJxCmxsdiyqWTXzjmaUWAaVa1i8iZz/view?usp=drivesdk
Ao 2021,AO21_TEAS_vs_SHAM_OPIOID24,TEAS,Sham/no current,Cumulative postoperative sufentanil,Exact 0-24 h,Not reported,32,33,,,,,µg sufentanil,No,No,EXCLUDE — DATA UNAVAILABLE,The source does not provide a defensible quantitative value for this analysis.,,PCA followed for 48 h; no extractable cumulative 0-24-h total,https://drive.google.com/file/d/1tNFnY0fJpx53hrtY4DIaE1RsNjE55Xvd/view?usp=drivesdk
Zhou 2025,ZHOU25_TEAS_vs_SHAM_OPIOID24,PACU TEAS,Sham/no current,Exact cumulative postoperative opioid dose,0-24 h,Not reported,48,49,,,,,mg/µg,No,No,EXCLUDE — DATA UNAVAILABLE,The source does not provide a defensible quantitative value for this analysis.,,Standard perioperative sufentanil plus PRN tramadol; exact 0-24-h cumulative dose not reported,https://drive.google.com/file/d/1gpNBuoukUttXKWiAAeZSqdIaaHSMOwDU/view?usp=drivesdk
Zhou 2021,ZHOU21_TEAS_vs_UC_OPIOIDUSE,Postoperative TEAS + ERAS,ERAS/usual care,Any postoperative opioid use,Postoperative window not clearly defined as 0-24 h,Events/total,41,40,,,,,participants,No,No,CONDITIONAL,Published postoperative opioid endpoint is relevant but does not meet the strict primary 0-24-h definition without an explicit protocol rule.,,Exact postoperative time window is not clearly stated,https://drive.google.com/file/d/1PxYyULBv_ZjWeqAm_bNYkDn_j2_lNYLq/view?usp=drivesdk
Zheng 2025,ZHENG25_TEAS_vs_SHAM_OPIOID24,Perioperative TEAS,Sham/no current,Exact cumulative postoperative sufentanil mass,0-24 h,Not reported,42,43,,,,,µg sufentanil,No,No,EXCLUDE — DATA UNAVAILABLE,The source does not provide a defensible quantitative value for this analysis.,,Final PCIA volume/concentration and exact cumulative sufentanil mass are not reported,https://drive.google.com/file/d/1-JWKZgQXaQQQBZgMSDqyIP-vG9aAxBqb/view?usp=drivesdk
Zhan 2020,ZHAN20_TAPTEAS_vs_TAP_OPIOID24,TAP block + postoperative TEAS,TAP block,Actual cumulative postoperative sufentanil consumption,0-24 h,Not reported,30,30,,,,,µg sufentanil,No,No,EXCLUDE — DATA UNAVAILABLE,The source does not provide a defensible quantitative value for this analysis.,,Only programmed PCIA reservoir/basal settings are reported; actual group-specific delivered opioid is NR,https://drive.google.com/file/d/1GYG7JxUOQxbt724-Ng7dWv3sYeC8dDSr/view?usp=drivesdk
Zhang 2025,ZHANG25_TEAS_vs_SHAM_SUFPOD1,Perioperative TEAS,Sub-sensory sham,Total sufentanil consumption,POD1; approximately 24 h but exact clock window not explicit,Mean/SD,45,48,50.53,4.46,53.79,5.14,µg sufentanil,Conditional,Conditional,CONDITIONAL,24-h opioid endpoint exists but requires a prespecified route/unit/time-window or derived-value rule.,,"Endpoint is directly reported as POD1, not explicitly clock-defined 0-24 h; 15/108 excluded after randomization",https://drive.google.com/file/d/1eHx6Hk16vmIfMgoiZ5eNae4zmCR5ktwJ/view?usp=drivesdk
Zhang 2023,ZHANG23_TEAS_vs_SHAM_MME48,TEAS,Sham/no current,Postoperative IV morphine-equivalent consumption,Within 48 h,Median/IQR,922,916,110,80–110,110,90–110,mg IV morphine-equivalent,No,No,EXCLUDE — NOT PRIMARY 24H OPIOID,Not a strict 0-24-h postoperative opioid-consumption endpoint.,,Authors converted opioids using ClinCalc; exact 24-h postoperative dose is not reported,https://drive.google.com/file/d/1LXNXNhVJaOcYXBODulFUuMD4FQXC5dph/view?usp=drivesdk
Zhang 2023,ZHANG23_TEAS_vs_SHAM_OPIOID24,TEAS,Sham/no current,Exact cumulative postoperative opioid dose,0-24 h,Not reported,922,916,,,,,mg IV morphine-equivalent,No,No,EXCLUDE — DATA UNAVAILABLE,The source does not provide a defensible quantitative value for this analysis.,,Only a postoperative 48-h opioid-equivalent endpoint is reported,https://drive.google.com/file/d/1LXNXNhVJaOcYXBODulFUuMD4FQXC5dph/view?usp=drivesdk
Zhang 2014,ZHANG14_TEAS_vs_SHAM_OPIOID24,Preoperative TEAS,Sham/no current,Exact cumulative postoperative opioid dose,0-24 h,Not reported,33,32,,,,,mg/µg,No,No,EXCLUDE — DATA UNAVAILABLE,The source does not provide a defensible quantitative value for this analysis.,,Study reports intraoperative remifentanil rate but no exact postoperative opioid-consumption total,https://drive.google.com/file/d/1lws1zFpIE-wbLY8X9ewYyTuIP-WySa-c/view?usp=drivesdk
Yang 2024,YANG24_EA_vs_UC_MORPH24,Perioperative EA + usual care,Usual care,Morphine use via IV PCA,First 24 h / POD1,Mean/SD,90,90,43.7,4.7,44,4.9,mg morphine,Yes,Yes,INCLUDE,Explicit 0-24-h postoperative opioid endpoint and marked eligible in the reconciled source data.,,All 180 randomized participants retained in ITT; open-label patients but objective PCA drug-use record,https://drive.google.com/file/d/160N3psd5tLEphwXHJzUEZ3uJfaIXcs5V/view?usp=drivesdk
Xiong 2021,XIONG21_TEAS_vs_CTRL_POSTOPMME,TEAS + dexamethasone + tropisetron,Dexamethasone + tropisetron,Postoperative opioid consumption,Postoperative window unclear,Mean/SD,31,31,0.6,0.2,0.6,0.1,mg morphine-equivalent/kg,No,No,EXCLUDE — NOT PRIMARY 24H OPIOID,Not a strict 0-24-h postoperative opioid-consumption endpoint.,,Exact postoperative interval is not stated; route terminology in Results is internally inconsistent,https://drive.google.com/file/d/1sNaquYeWpsts7_e3XYP9c0CwM-tbQS6T/view?usp=drivesdk
Xiong 2021,XIONG21_TEAS_vs_CTRL_OPIOID24,TEAS + dexamethasone + tropisetron,Dexamethasone + tropisetron,Exact cumulative postoperative opioid dose,0-24 h,Not reported,31,31,,,,,mg morphine-equivalent/kg,No,No,EXCLUDE — DATA UNAVAILABLE,The source does not provide a defensible quantitative value for this analysis.,,Published opioid-equivalent result lacks a fixed time window,https://drive.google.com/file/d/1sNaquYeWpsts7_e3XYP9c0CwM-tbQS6T/view?usp=drivesdk
Xing 2022,XING22_NTG_vs_NG_OPIOID24,TEAS + active TAPB,Sham TEAS + active TAPB,Exact cumulative postoperative sufentanil delivered,0-24 h,Not reported,29,29,,,,,µg sufentanil,No,No,EXCLUDE — DATA UNAVAILABLE,The source does not provide a defensible quantitative value for this analysis.,,PCIA wording is internally contradictory and only press counts are reported,https://drive.google.com/file/d/1h3IGpQ56nSh7H16xBEVyTzCBkWOXRSxK/view?usp=drivesdk
Xie 2014,XIE14_EAS_vs_SHAM_TOTALSUF,Active EAS PC4/PC6,Sham needling PC4/PC6,Total postoperative/perioperative sufentanil,Study PCA period; exact fixed window unclear,Mean/SD,20,20,115,6,133,7,µg sufentanil,No,No,EXCLUDE — NOT PRIMARY 24H OPIOID,Not a strict 0-24-h postoperative opioid-consumption endpoint.,,Infusion described through POD3; Discussion mentions lower use through 48 h; Table 2 does not define fixed window,https://drive.google.com/file/d/17faY_h0rMJTuhjPOC5PL_S59jYmHDPee/view?usp=drivesdk
Xie 2014,XIE14_EAS_vs_CONTROL_TOTALSUF,Active EAS PC4/PC6,General-anesthesia control,Total postoperative/perioperative sufentanil,Study PCA period; exact fixed window unclear,Mean/SD,20,20,115,6,134,5.9,µg sufentanil,No,No,EXCLUDE — NOT PRIMARY 24H OPIOID,Not a strict 0-24-h postoperative opioid-consumption endpoint.,,Three-arm shared-intervention structure; exact fixed observation window not established,https://drive.google.com/file/d/17faY_h0rMJTuhjPOC5PL_S59jYmHDPee/view?usp=drivesdk
Xie 2014,XIE14_EAS_vs_SHAM_OPIOID24,Active EAS PC4/PC6,Sham needling PC4/PC6,Exact cumulative postoperative sufentanil,0-24 h,Not reported,20,20,,,,,µg sufentanil,No,No,EXCLUDE — DATA UNAVAILABLE,The source does not provide a defensible quantitative value for this analysis.,,Directly reported total cannot be assigned to a fixed 24-h window,https://drive.google.com/file/d/17faY_h0rMJTuhjPOC5PL_S59jYmHDPee/view?usp=drivesdk
Wu 2022,WU22_PTEAS_vs_CTRL_OPIOID24,Perioperative pTEAS,No-current control,Exact cumulative postoperative opioid consumption,0-24 h,Not reported,44,40,,,,,mg/µg,No,No,EXCLUDE — DATA UNAVAILABLE,The source does not provide a defensible quantitative value for this analysis.,,"Standard end-of-surgery tramadol/fentanyl are reported, but no randomized group-specific 0-24-h opioid total is provided",https://drive.google.com/file/d/1XR_8qmeHR7ulwV7NaaI0CeYbpwKdc_ym/view?usp=drivesdk
Wu 2025,WU25_TEAS_vs_SHAM_OPIOID24,PACU TEAS,Sham/no current,Exact postoperative opioid/MME consumption,0-24 h,Not calculable,50,50,,,,,MME,No,No,EXCLUDE — DATA UNAVAILABLE,The source does not provide a defensible quantitative value for this analysis.,,Oxycodone/acetaminophen rescue strength is not reported; rescue regimen is mixed opioid/non-opioid,https://drive.google.com/file/d/1ZV6JFjevGSPqnISdX61KPdcC_yEtq3vf/view?usp=drivesdk
Wang 2023,WANG23_TEAS_vs_SHAM_OPIOID24,Nighttime TEAS,Sham/no current,Exact cumulative postoperative opioid dose,0-24 h,Not reported,40,43,,,,,mg/µg,No,No,EXCLUDE — DATA UNAVAILABLE,The source does not provide a defensible quantitative value for this analysis.,,Only rescue-dose counts are reported and the rescue drug is not identified,https://drive.google.com/file/d/177A4aH42GD90DhsvvtD-VOBSChBBpIWL/view?usp=drivesdk
Wang 2024,WANG24_POSTOP_OPIOID24,TEAS within risk strata,OD within risk strata,Postoperative opioid consumption,0-24 h,Not reported,,,,,,,mg/µg,No,No,EXCLUDE — DATA UNAVAILABLE,The source does not provide a defensible quantitative value for this analysis.,,Postoperative rescue analgesia was non-opioid flurbiprofen; no postoperative opioid-consumption endpoint,https://drive.google.com/file/d/1U8tkq6mKFO0IkA2glfgLjN4Krwku3FZn/view?usp=drivesdk
Tu 2024,TU24_TEAS_vs_SHAM_OPIOID24,Postoperative TEAS,Sham/no current,Cumulative rescue tramadol consumption,0-24 h,Not reported,57,58,,,,,mg tramadol,No,No,EXCLUDE — DATA UNAVAILABLE,The source does not provide a defensible quantitative value for this analysis.,,Only number of patients receiving rescue tramadol is reported; cumulative dose is unavailable,https://drive.google.com/file/d/1xQ9SbXVZblphUrb0-T9xpnAXk-_z5nBX/view?usp=drivesdk
Sun 2017,SUN17_POSTOP_OPIOID24,True TEAS timing arms,All-period sham TEAS,Postoperative opioid consumption,0-24 h,Not applicable / not reported,,,,,,,mg/µg,No,No,EXCLUDE — NOT PRIMARY 24H OPIOID,Not a strict 0-24-h postoperative opioid-consumption endpoint.,,"Postoperative rescue analgesia was flurbiprofen axetil (NSAID), not an opioid",https://drive.google.com/file/d/1lELlw0IpkhqoB8OuintAI22fxKfNEcEd/view?usp=drivesdk
Sim 2002,SIM02_PREOP_vs_PLACEBO_MORPH24,Preoperative EA,Placebo EA,Cumulative postoperative IV PCA morphine,0-24 h,Mean/SD,30,30,0.52,0.19,0.68,0.38,mg/kg morphine,Yes,Conditional,CONDITIONAL,24-h opioid endpoint exists but requires a prespecified route/unit/time-window or derived-value rule.,,Do not convert mg/kg to absolute mg using group mean body weight; aggregate means cannot reconstruct individual absolute dose,https://drive.google.com/file/d/1YsNHL-J3Kgfu8mCanRrNu_bHk_roj0w6/view?usp=drivesdk
Sim 2002,SIM02_POSTOP_vs_PLACEBO_MORPH24,Postoperative EA,Placebo EA,Cumulative postoperative IV PCA morphine,0-24 h,Mean/SD,30,30,0.58,0.27,0.68,0.38,mg/kg morphine,Yes,Conditional,CONDITIONAL,24-h opioid endpoint exists but requires a prespecified route/unit/time-window or derived-value rule.,,Postoperative EA is a distinct randomized timing arm and must not be merged with preoperative EA,https://drive.google.com/file/d/1YsNHL-J3Kgfu8mCanRrNu_bHk_roj0w6/view?usp=drivesdk
Sim 2002,SIM02_PREOP_vs_PLACEBO_MORPH6_12,Preoperative EA,Placebo EA,Postoperative IV PCA morphine,6-12 h,Median/IQR,30,30,0.03,None–None,0.1,None–None,mg/kg morphine,No,No,EXCLUDE — NOT PRIMARY 24H OPIOID,Not a strict 0-24-h postoperative opioid-consumption endpoint.,,Source reports median (IQR) as 0.03 (0.05) vs 0.10 (0.11); IQR is reported as a single width rather than Q1/Q3,https://drive.google.com/file/d/1YsNHL-J3Kgfu8mCanRrNu_bHk_roj0w6/view?usp=drivesdk
Ntritsou 2014,NTRI14_EA_vs_SHAM_TRAMSUM,Perioperative EA + tramadol/ketamine,Sham + tramadol/ketamine,Total tramadol exposure,Perioperative / first 24 h most consistent with protocol; table does not restate window,Mean/SD,35,35,443.7,67.4,461.5,63.2,mg tramadol,Conditional,No,EXCLUDE — NOT PRIMARY 24H OPIOID,Not a strict 0-24-h postoperative opioid-consumption endpoint.,,Includes scheduled/background tramadol and likely rescue tramadol; rescue morphine quantity not reported,https://drive.google.com/file/d/1u_kNuuXF8upB3gJA2aDq8NldYDfhnWy3/view?usp=drivesdk
Ntritsou 2014,NTRI14_EA_vs_SHAM_MME24,Perioperative EA + tramadol/ketamine,Sham + tramadol/ketamine,Complete 24-h opioid/MME exposure,0-24 h,Not calculable,35,35,,,,,MME,No,No,EXCLUDE — DATA UNAVAILABLE,The source does not provide a defensible quantitative value for this analysis.,,Do not equate lower rescue use with significantly lower total opioid exposure,https://drive.google.com/file/d/1u_kNuuXF8upB3gJA2aDq8NldYDfhnWy3/view?usp=drivesdk
Ng 2013,NG13_EA_vs_SHAM_OPIOID24,Electroacupuncture,Sham acupuncture,Cumulative pethidine consumption,0-24 h,Not reported,55,55,,,,,mg pethidine,No,No,EXCLUDE — DATA UNAVAILABLE,The source does not provide a defensible quantitative value for this analysis.,,Do not multiply injection counts by 50 mg and call it a 24-h dose; source time window/dosing statement is ambiguous,https://drive.google.com/file/d/1R1zCiyfWvuSp99Hi2U_K1__8kgdi90gd/view?usp=drivesdk
Ma 2026,MA26_T_vs_S_OPIOID24,Group T: sleep disturbance + preop TEAS,"Group S: sleep disturbance, no TEAS",Cumulative postoperative opioid consumption,0-24 h,Not reported,17,16,,,,,mg/µg,No,No,EXCLUDE — DATA UNAVAILABLE,The source does not provide a defensible quantitative value for this analysis.,,Routine postoperative analgesia was non-opioid flurbiprofen; whether any postoperative opioid was given is not reported,https://drive.google.com/file/d/1tMEOwvRWIMeEmBmKfeHEt7YF10yxslUe/view?usp=drivesdk
Lu 2021,LU21_POSTOP_OPIOID24,TEAS arms,Sham/no current,Cumulative postoperative sufentanil PCA consumption,0-24 h,Not reported,,,,,,,µg sufentanil,No,No,EXCLUDE — DATA UNAVAILABLE,The source does not provide a defensible quantitative value for this analysis.,,PCA opioid is sufentanil but prescription and cumulative 24-h consumption are not reported,https://drive.google.com/file/d/1MgD_OucfiyNEDdDe3osh8W01U1yYZs08/view?usp=drivesdk
Lu 2022,LU22_TEAS_vs_CTRL_OPIOID24,TEAS + ERAS,No-current control + ERAS,Exact cumulative PCA opioid consumption,0-24 h,Not reported,47,47,,,,,mg/µg,No,No,EXCLUDE — DATA UNAVAILABLE,The source does not provide a defensible quantitative value for this analysis.,,The main article never identifies the PCA drug or dose,https://drive.google.com/file/d/12Y86huNMuLC8cPH-L2vwlEd7r1X1Qela/view?usp=drivesdk
Luo 2026,LUO26_TEAS_vs_SHAM_OPIOIDEQUIV,Intraoperative PC6 TEAS + standard antiemetics,Sham/no current + standard antiemetics,Published 'sufentanil equivalents' metric,Perioperative,Mean/SD,138,139,15.86,5.11,15.18,4.95,published as mg; definition/unit unresolved,No,No,CONDITIONAL,Source value is valid in its native metric but cannot be converted to the target opioid mass/MME without additional information.,,Source labels approximately 15-16 as 'sufentanil equivalents (mg)' without explaining conversion; preserve verbatim,https://drive.google.com/file/d/1xxZle6mPpcnmHLblJbsy1kA4CyQHpvm2/view?usp=drivesdk
Luo 2026,LUO26_TEAS_vs_SHAM_OPIOID24,Intraoperative PC6 TEAS + standard antiemetics,Sham/no current + standard antiemetics,Cumulative postoperative oxycodone consumption,0-24 h,Not reported,138,139,,,,,mg oxycodone,No,No,EXCLUDE — DATA UNAVAILABLE,The source does not provide a defensible quantitative value for this analysis.,,"Postoperative IV oxycodone is described, but schedule and group-specific cumulative 24-h consumption are not reported",https://drive.google.com/file/d/1xxZle6mPpcnmHLblJbsy1kA4CyQHpvm2/view?usp=drivesdk
Long 2025,LONG25_TEAS_vs_CTRL_OPIOID24,Perioperative electrical acupoint stimulation,Electrodes/no current,Exact cumulative postoperative sufentanil consumption,0-24 h,Not reported,27,26,,,,,µg sufentanil,No,No,EXCLUDE — DATA UNAVAILABLE,The source does not provide a defensible quantitative value for this analysis.,,24-h PCIA volume/compressions are not reported; even 48-h volume cannot be converted exactly to sufentanil mass without body weight,https://drive.google.com/file/d/1LDqtQLq9-kZLP0Vv_G3iiK8QKjy4pRXP/view?usp=drivesdk
Li 2021,LI21_TEAS_vs_SHAM_OPIOID24,Perioperative TEAS,Sham-point/no current,Cumulative postoperative sufentanil consumption,0-24 h,Not reported,140,140,,,,,published pump formulation says 250 mg sufentanil/250 mL,No,No,EXCLUDE — DATA UNAVAILABLE,The source does not provide a defensible quantitative value for this analysis.,,"Printed pump unit is clinically implausible, programming is missing, and actual 24-h delivered dose is not reported; do not silently change mg to µg",https://drive.google.com/file/d/1NvcLlsb17N6EMhtHs_L_WBnf40wsrtRz/view?usp=drivesdk
Liu 2026 (ESD),LIU26ESD_TEAS_vs_SHAM_MORPH24,Perioperative TEAS,Sham-point/no current,Cumulative postoperative morphine consumption,0-24 h,Not reported,58,62,,,,,mg IV morphine,No,No,EXCLUDE — DATA UNAVAILABLE,The source does not provide a defensible quantitative value for this analysis.,,"Binary morphine use is reported, but administration counts and cumulative dose are not",https://drive.google.com/file/d/1Hp7pCBP8iXkGGYVhlFY0BHTeaaM7bhdY/view?usp=drivesdk
Liu 2021,LIU21_TEAS_vs_CTRL_OPIOID24,Perioperative TEAS,Electrodes/no current,Cumulative postoperative sufentanil consumption,0-24 h,Not calculable,50,50,,,,,published formulation 0.15 µg/kg in 100 mL,No,No,EXCLUDE — DATA UNAVAILABLE,The source does not provide a defensible quantitative value for this analysis.,,"Published PCA formulation is ambiguous/implausibly low, successful delivered boluses are not reported, and actual cumulative sufentanil is unavailable",https://drive.google.com/file/d/1TA4BstaUWY3EdQbDNEvvGxF35ekGanrm/view?usp=drivesdk
Liu 2026 (burn),LIU26BURN_TEAS_vs_SHAM_OPIOID24,Pre-induction TEAS,Placebo/sham TEAS,Complete postoperative opioid/MME exposure,0-24 h,Not calculable,43,43,,,,,sufentanil + butorphanol PCIA; rescue dezocine,No,No,EXCLUDE — DATA UNAVAILABLE,The source does not provide a defensible quantitative value for this analysis.,,"PCIA composition is known but bolus volume, basal rate, delivered-volume and successful-delivery counts are not; two opioids are present in the pump",https://drive.google.com/file/d/1mvekGtHD2JAKCRbIXrvLw1Nz7hbQ1dZ3/view?usp=drivesdk
Liu 2025,LIU25_EA_vs_CTRL_OPIOID24,Perioperative electroacupuncture,Control/sham procedure,Exact cumulative postoperative opioid consumption,0-24 h,Not reported,38,39,,,,,mg/µg,No,No,EXCLUDE — DATA UNAVAILABLE,The source does not provide a defensible quantitative value for this analysis.,,No source-grounded exact 0-24-h postoperative opioid total is available in the reconciled extraction,https://drive.google.com/file/d/1SHBSKFaeE4G3PXTGVMm7TR8L0H9EgtsD/view?usp=drivesdk
Li 2022,LI22_EA_vs_SHAM_OPIOID24,Preoperative electroacupuncture,Sham electroacupuncture,Exact cumulative postoperative opioid consumption,0-24 h,Not reported,39,40,,,,,mg/µg,No,No,EXCLUDE — DATA UNAVAILABLE,The source does not provide a defensible quantitative value for this analysis.,,The prior derivative's 24-h sufentanil result was fabricated; no source-grounded exact 24-h postoperative opioid total is available,https://drive.google.com/file/d/1rQTrwnCvj72poJrGGvYjpxSZXvUhSD0u/view?usp=drivesdk
Liang 2021,LIANG21_TEAS_vs_CTRL_OPIOID24,Preoperative TEAS,Control/no stimulation,Exact cumulative postoperative opioid consumption,0-24 h,Not reported,35,35,,,,,mg/µg,No,No,EXCLUDE — DATA UNAVAILABLE,The source does not provide a defensible quantitative value for this analysis.,,The source trial focuses on CRBD; no source-grounded exact cumulative 24-h opioid endpoint is available,https://drive.google.com/file/d/1guriAcqNbJNXpfd_UjYwevULLVSeiHXS/view?usp=drivesdk
Jin 2023,JIN23_2HZ_vs_SHAM_VOL24,2-Hz postoperative EA,Sham nonpenetrating EA/no current,Published 'fentanyl consumption' / PCIA solution volume,24 h,Mean/SD,53,52,39.31,15.58,56.54,12.5,mL PCIA solution,Yes,No,CONDITIONAL,Source value is valid in its native metric but cannot be converted to the target opioid mass/MME without additional information.,,Main article does not report fentanyl concentration. Do not convert mL to µg/mg/MME. 2-Hz vs 20/100-Hz inferential statistics conflict between table and prose,https://drive.google.com/file/d/1fkNAFra0gZ9jkWkzp_S0TWy-5zVrXCtj/view?usp=drivesdk
Jin 2023,JIN23_20100_vs_SHAM_VOL24,20/100-Hz postoperative EA,Sham nonpenetrating EA/no current,Published 'fentanyl consumption' / PCIA solution volume,24 h,Mean/SD,53,52,45.72,16.92,56.54,12.5,mL PCIA solution,Yes,No,CONDITIONAL,Source value is valid in its native metric but cannot be converted to the target opioid mass/MME without additional information.,,Main article does not report fentanyl concentration. Do not convert mL to µg/mg/MME. 2-Hz vs 20/100-Hz inferential statistics conflict between table and prose,https://drive.google.com/file/d/1fkNAFra0gZ9jkWkzp_S0TWy-5zVrXCtj/view?usp=drivesdk
Jin 2023,JIN23_OPIOID24_MASS,Active EA arms,Sham nonpenetrating EA/no current,Exact cumulative fentanyl mass / MME,0-24 h,Not calculable,,,,,,,µg fentanyl / MME,Yes,No,EXCLUDE — DATA UNAVAILABLE,The source does not provide a defensible quantitative value for this analysis.,,Only mL of solution are reported in the main article,https://drive.google.com/file/d/1fkNAFra0gZ9jkWkzp_S0TWy-5zVrXCtj/view?usp=drivesdk
Jiang 2026,JIANG26_TEAS_vs_SHAM_OPIOID24,Perioperative TEAS,Sham/no current,Exact cumulative postoperative opioid consumption,0-24 h,Not reported,294,293,,,,,mg/µg,No,No,EXCLUDE — DATA UNAVAILABLE,The source does not provide a defensible quantitative value for this analysis.,,PCIA use is reported but exact group-specific postoperative dose is not,https://drive.google.com/file/d/1nujlP9A_IMWUfd3HdCD2rOxTc9-I8v92/view?usp=drivesdk
Huang 2025,HUANG25_EA_vs_UC_OPIOID24,Postoperative EA + ERAS,ERAS/standard care,Exact cumulative postoperative opioid consumption,0-24 h,Not reported,43,45,,,,,mg/µg,No,No,EXCLUDE — DATA UNAVAILABLE,The source does not provide a defensible quantitative value for this analysis.,,"PCA drug/composition and consumption are not reported; rescue analgesia was ketorolac, a non-opioid NSAID",https://drive.google.com/file/d/1VnJCbIPz8Uy1kXYCTKk7l9Zqj-rTECrY/view?usp=drivesdk
Huang 2024,HUANG24_OPIOID24,True-EA arms,Bilateral sham EA,Exact cumulative postoperative opioid dose,0-24 h,Not calculable,38,38,,,,,MME,No,No,EXCLUDE — DATA UNAVAILABLE,The source does not provide a defensible quantitative value for this analysis.,,"PCA drug identity/composition, bolus dose and exact 24-h-after-surgery exposure are unavailable",https://drive.google.com/file/d/1z-76QoxqmtMRV32wOpem7jAyDnuD6fb8/view?usp=drivesdk
Hou 2023,HOU23_TEAS_vs_SHAM_OPIOID24,Perioperative TEAS,Sham/no-current TEAS,Actual total postoperative sufentanil consumption,0-24 h,Not reported,36,36,,,,,µg sufentanil,Yes,No,EXCLUDE — DATA UNAVAILABLE,The source does not provide a defensible quantitative value for this analysis.,,"PCIA concentration and basal/bolus settings are known, but actual bolus use/total delivered sufentanil are not reported; fixed basal exposure is not total consumption",https://drive.google.com/file/d/161WdTRehgwvDHvQ8OkRf8U9TbUmVQgaR/view?usp=drivesdk
Huang 2017,HUANG17_POSTOP_SUF_AGG,2/100-Hz TEAS,Placebo TEAS/no current,Published postoperative sufentanil aggregate,Observation window unclear,Mean/SD,20,20,1.67,0.59,1.32,0.48,µg/kg sufentanil,No,No,EXCLUDE — NOT PRIMARY 24H OPIOID,Not a strict 0-24-h postoperative opioid-consumption endpoint.,,Methods mention 6/12/24/48-h assessments but Table 5 gives only one aggregate dose per group,https://drive.google.com/file/d/1RJGi1PYvw75qVW9UK8CBtJPH4G035ASs/view?usp=drivesdk
Huang 2017,HUANG17_OPIOID24,Active TEAS frequency arms,Placebo TEAS/no current,Exact cumulative postoperative sufentanil consumption,0-24 h,Not reported,20,20,,,,,µg/kg sufentanil,No,No,EXCLUDE — DATA UNAVAILABLE,The source does not provide a defensible quantitative value for this analysis.,,Exact 24-h group values and PCA demand/delivery counts are not published,https://drive.google.com/file/d/1RJGi1PYvw75qVW9UK8CBtJPH4G035ASs/view?usp=drivesdk
He 2026 (hepatectomy/JIS),HEJIS26_TEAS_vs_CTRL_MME24,Intraoperative PC6 TEAS,No-current PC6 control,Total postoperative opioid consumption in morphine equivalents,0-24 h,Mean/SD,80,79,20,2.5,20.6,4.5,mg MME,Yes,Yes,INCLUDE,Explicit 0-24-h postoperative opioid endpoint and marked eligible in the reconciled source data.,,Supplemental eTable 1 directly reports MME; mITT excludes one canceled surgery and one consent withdrawal after randomization,https://drive.google.com/file/d/1VgOxIOrGe7ZVevkKEVP7G-0V1DXPU0Gf/view?usp=drivesdk
He 2026 (breast/WJCO),HEBREAST26_OPIOID24,Perioperative EA + flurbiprofen,Sham acupuncture + flurbiprofen,Cumulative rescue morphine consumption,0-24 h,Not reported,65,65,,,,,mg IV morphine,No,No,EXCLUDE — DATA UNAVAILABLE,The source does not provide a defensible quantitative value for this analysis.,,"Rescue morphine 1-3 mg IV was allowed, but authors explicitly state rescue opioid consumption was not recorded or compared",https://drive.google.com/file/d/1D6Js5nTN2AwL5-BB-NIJVoCKVtcbcczH/view?usp=drivesdk
Gu 2019,GU19_LTEAS_vs_CTEAS_PCIA4,Long-duration TEAS,Sham/no-current TEAS,Cumulative multimodal PCIA solution consumed,4 h,Mean/SD,58,59,10.02,2.26,13.38,2.98,mL solution = numerically same µg sufentanil at 1 µg/mL,No,No,EXCLUDE — NOT PRIMARY 24H OPIOID,Not a strict 0-24-h postoperative opioid-consumption endpoint.,,"Pump also contains dexmedetomidine, flurbiprofen and palonosetron; exact 24-h value is graph-only",https://drive.google.com/file/d/1ipQFXfERgAVmgNKMpLkvaaecYJVSTDiw/view?usp=drivesdk
Gu 2019,GU19_LTEAS_vs_CTEAS_PCIA8,Long-duration TEAS,Sham/no-current TEAS,Cumulative multimodal PCIA solution consumed,8 h,Mean/SD,58,59,20.55,4.59,24.63,3.94,mL solution = numerically same µg sufentanil at 1 µg/mL,No,No,EXCLUDE — NOT PRIMARY 24H OPIOID,Not a strict 0-24-h postoperative opioid-consumption endpoint.,,"Pump also contains dexmedetomidine, flurbiprofen and palonosetron; exact 24-h value is graph-only",https://drive.google.com/file/d/1ipQFXfERgAVmgNKMpLkvaaecYJVSTDiw/view?usp=drivesdk
Gu 2019,GU19_LTEAS_vs_CTEAS_PCIA36,Long-duration TEAS,Sham/no-current TEAS,Cumulative multimodal PCIA solution consumed,36 h,Mean/SD,58,59,72.64,9.74,76.01,10.43,mL solution = numerically same µg sufentanil at 1 µg/mL,No,No,EXCLUDE — NOT PRIMARY 24H OPIOID,Not a strict 0-24-h postoperative opioid-consumption endpoint.,,"Pump also contains dexmedetomidine, flurbiprofen and palonosetron; exact 24-h value is graph-only",https://drive.google.com/file/d/1ipQFXfERgAVmgNKMpLkvaaecYJVSTDiw/view?usp=drivesdk
Gu 2019,GU19_OPIOID24,Long-duration TEAS,Sham/no-current TEAS,Exact cumulative 24-h postoperative sufentanil,0-24 h,Graph-only / not numerically reported,58,59,,,,,µg sufentanil,Yes,No,DIGITIZATION NEEDED,Exact numeric result is not tabulated; formal graph digitization or author data is required before quantitative pooling.,,24-h PCIA point is visible graphically but not numerically reported,https://drive.google.com/file/d/1ipQFXfERgAVmgNKMpLkvaaecYJVSTDiw/view?usp=drivesdk
Guo 2023,GUO23_OPIOID24,Perioperative TEAS,Sham/no-current TEAS,Actual postoperative sufentanil consumption,0-24 h,Not reported,55,55,,,,,µg sufentanil,No,No,EXCLUDE — DATA UNAVAILABLE,The source does not provide a defensible quantitative value for this analysis.,,PCIA prescription is reported but actual delivered 24-h/48-h sufentanil is not,https://drive.google.com/file/d/1Idfl7rfZhgAUJHDpsmgzp17ADiGvrU8C/view?usp=drivesdk
Grech 2016,GRECH16_EA_vs_CTRL_PACU_MME_WOMEN,Intraoperative low-frequency EA,Sham/control,PACU analgesic requirement in women-only subgroup,PACU,Graph-only morphine-equivalent outcome,9,9,,,,,mg morphine-equivalent,No,No,DIGITIZATION NEEDED,Exact numeric result is not tabulated; formal graph digitization or author data is required before quantitative pooling.,,Post hoc women-only subgroup excludes two men from EA arm; exact means/SEM are not tabulated,https://drive.google.com/file/d/1U3KShiAZKL8n9hxSpBkhuhuQHW2EN-IY/view?usp=drivesdk
Grech 2016,GRECH16_EA_vs_CTRL_OPIOID24,Intraoperative low-frequency EA,Sham/control,Exact cumulative 24-h postoperative morphine-equivalent consumption,0-24 h,Not reported,,,,,,,mg morphine-equivalent,No,No,EXCLUDE — DATA UNAVAILABLE,The source does not provide a defensible quantitative value for this analysis.,,Day-1 analgesic use is graphical and exact 24-h mean/dispersion is not tabulated,https://drive.google.com/file/d/1U3KShiAZKL8n9hxSpBkhuhuQHW2EN-IY/view?usp=drivesdk
Gao 2021,GAO21_OPIOID24,Postoperative TEAS,Sham/no-current TEAS,Exact cumulative postoperative opioid consumption,0-24 h,Not reported,303,307,,,,,mg/µg,No,No,EXCLUDE — DATA UNAVAILABLE,The source does not provide a defensible quantitative value for this analysis.,,"Main article reports only whether postoperative analgesia was used, not drug-specific dose/route/PCA consumption",https://drive.google.com/file/d/1QbM6CNi8KfBXmMTqG1ASm3hK05cz_hKQ/view?usp=drivesdk
Yeh 2010,YEH10_AES_vs_SHAM_MORPH24,True-acupoint AES,Electrical sham/nonmeridian AES,24-h morphine PCA dose,First 24 postoperative hours,Mean/SD,33,30,18.6,9.7,21.6,13.1,mg morphine; source explicitly calls PCA epidural,Yes,Conditional,DUPLICATE HOLD,Probable overlapping publication/cohort; do not pool as an independent study until linkage is resolved.,Yeh lumbar-spine publication family,Probable overlapping publication/cohort with Yeh 2011. Five of 99 entrants did not complete and randomized arm assignment of losses is NR. Do not treat both papers as independent.,https://drive.google.com/file/d/1a1s31PQPWGnaVkYUtNUxO22F3QFTcwmi/view?usp=drivesdk
Yeh 2010,YEH10_AES_vs_CONTROL_MORPH24,True-acupoint AES,No-AES control,24-h morphine PCA dose,First 24 postoperative hours,Mean/SD,33,31,18.6,9.7,27.2,12.5,mg morphine; source explicitly calls PCA epidural,Yes,Conditional,DUPLICATE HOLD,Probable overlapping publication/cohort; do not pool as an independent study until linkage is resolved.,Yeh lumbar-spine publication family,Same probable overlapping cohort issue; route must not be silently recoded as IV.,https://drive.google.com/file/d/1a1s31PQPWGnaVkYUtNUxO22F3QFTcwmi/view?usp=drivesdk
Yeh 2011,YEH11_AES_vs_SHAM_MORPH24,True-acupoint AES,Electrical sham/nonacupoint AES,24-h IV morphine PCA dose,First 24 postoperative hours,Mean/SD,30,30,19.3,9.7,21.6,13.1,mg IV morphine,Yes,Conditional,DUPLICATE HOLD,Probable overlapping publication/cohort; do not pool as an independent study until linkage is resolved.,Yeh lumbar-spine publication family,"Highly similar to Yeh 2010 in population, acupoints, comparator and 24-h opioid values; do not count independently until cohort/publication linkage is adjudicated.",https://drive.google.com/file/d/1ZJ60ZvJ5Q7sRu1iptK_tLLfBXxZZ_Hwl/view?usp=drivesdk
Yeh 2011,YEH11_AES_vs_CONTROL_MORPH24,True-acupoint AES,No-AES control,24-h IV morphine PCA dose,First 24 postoperative hours,Mean/SD,30,30,19.3,9.7,28,12.1,mg IV morphine,Yes,Conditional,DUPLICATE HOLD,Probable overlapping publication/cohort; do not pool as an independent study until linkage is resolved.,Yeh lumbar-spine publication family,Sequential allocation without sealed envelopes; probable overlapping publication family with Yeh 2010.,https://drive.google.com/file/d/1ZJ60ZvJ5Q7sRu1iptK_tLLfBXxZZ_Hwl/view?usp=drivesdk
Wong 2006,WONG06_EA_vs_SHAM_MORPHD0,Postoperative electroacupuncture,Nonpenetrating sham acupuncture,IV PCA morphine consumption,Day 0,Mean/SD,13,12,8.3,4.9,7.8,6.4,mg IV morphine,No,No,EXCLUDE — NOT PRIMARY 24H OPIOID,Not a strict 0-24-h postoperative opioid-consumption endpoint.,,Both groups also received scheduled oral dextropropoxyphene. Two randomized sham patients were excluded after serious postoperative complications.,https://drive.google.com/file/d/1-XmRdgXyZmOmKIDRhL80sxha5M2P00jd/view?usp=drivesdk
Wong 2006,WONG06_EA_vs_SHAM_MORPHD1,Postoperative electroacupuncture,Nonpenetrating sham acupuncture,IV PCA morphine consumption,Day 1,Mean/SD,13,12,18,8.8,18.8,9.8,mg IV morphine,No,No,EXCLUDE — NOT PRIMARY 24H OPIOID,Not a strict 0-24-h postoperative opioid-consumption endpoint.,,Both groups also received scheduled oral dextropropoxyphene. Two randomized sham patients were excluded after serious postoperative complications.,https://drive.google.com/file/d/1-XmRdgXyZmOmKIDRhL80sxha5M2P00jd/view?usp=drivesdk
Wong 2006,WONG06_EA_vs_SHAM_MORPHD2,Postoperative electroacupuncture,Nonpenetrating sham acupuncture,IV PCA morphine consumption,Day 2,Mean/SD,13,12,7.5,5,15.7,12,mg IV morphine,No,No,EXCLUDE — NOT PRIMARY 24H OPIOID,Not a strict 0-24-h postoperative opioid-consumption endpoint.,,Both groups also received scheduled oral dextropropoxyphene. Two randomized sham patients were excluded after serious postoperative complications.,https://drive.google.com/file/d/1-XmRdgXyZmOmKIDRhL80sxha5M2P00jd/view?usp=drivesdk
Wong 2006,WONG06_EA_vs_SHAM_MORPHTOTAL,Postoperative electroacupuncture,Nonpenetrating sham acupuncture,IV PCA morphine consumption,First 3 postoperative days total,Mean/SD,13,12,33.9,12.8,42.3,21.3,mg IV morphine,No,No,EXCLUDE — NOT PRIMARY 24H OPIOID,Not a strict 0-24-h postoperative opioid-consumption endpoint.,,Both groups also received scheduled oral dextropropoxyphene. Two randomized sham patients were excluded after serious postoperative complications.,https://drive.google.com/file/d/1-XmRdgXyZmOmKIDRhL80sxha5M2P00jd/view?usp=drivesdk
Wong 2006,WONG06_EA_vs_SHAM_OPIOID24,Postoperative electroacupuncture,Nonpenetrating sham acupuncture,Exact total opioid exposure,0-24 h,Not reported,13,12,,,,,mg MME,No,No,EXCLUDE — DATA UNAVAILABLE,The source does not provide a defensible quantitative value for this analysis.,,Day labels are not defined as exact consecutive 24-h windows and scheduled dextropropoxyphene contributes additional opioid exposure.,https://drive.google.com/file/d/1-XmRdgXyZmOmKIDRhL80sxha5M2P00jd/view?usp=drivesdk
El-Rakshy 2009,ELR09_EA_vs_CTRL_MORPH24,Intraoperative EA + PCA,PCA alone/no acupuncture,Total IV morphine analgesia,First 24 h,Mean/SD,42,53,35.3,18,36.9,18,mg IV morphine,Yes,Yes,INCLUDE,Explicit 0-24-h postoperative opioid endpoint and marked eligible in the reconciled source data.,,Publication has irreconcilable allocation/analyzed group labels. Use Table 2 n=42 EA and n=53 control for this result; do not substitute overall study denominators.,https://drive.google.com/file/d/12AfIox-MgnMU15U-mdvZgaTKnukXKvAR/view?usp=drivesdk
El-Rakshy 2009,ELR09_EA_vs_CTRL_MORPH4,Intraoperative EA + PCA,PCA alone/no acupuncture,Total IV morphine analgesia,First 4 h,Mean/SD,40,53,13.4,7.5,13.2,8.6,mg IV morphine,No,No,EXCLUDE — NOT PRIMARY 24H OPIOID,Not a strict 0-24-h postoperative opioid-consumption endpoint.,,Again preserve outcome-specific n=40 EA and n=53 control.,https://drive.google.com/file/d/12AfIox-MgnMU15U-mdvZgaTKnukXKvAR/view?usp=drivesdk
An 2014,AN14_EA_vs_CTRL_FENT48,Intraoperative electroacupuncture,No acupuncture control,Total postoperative fentanyl PCIA dose,Through reported 48-h PCIA period,Mean/SD,41,40,0.67,0.09,0.73,0.12,mg fentanyl,No,No,EXCLUDE — NOT PRIMARY 24H OPIOID,Not a strict 0-24-h postoperative opioid-consumption endpoint.,,Seven of 88 randomized patients were excluded from analysis; total fentanyl is not isolated to 0-24 h.,https://drive.google.com/file/d/1Ygu3g28udKuPe0OS95oge2ryIGNeJ0te/view?usp=drivesdk
An 2014,AN14_EA_vs_CTRL_OPIOID24,Intraoperative electroacupuncture,No acupuncture control,Exact cumulative postoperative fentanyl,0-24 h,Not reported,41,40,,,,,mg/µg fentanyl,No,No,EXCLUDE — DATA UNAVAILABLE,The source does not provide a defensible quantitative value for this analysis.,,Published bolus activity is split 0-6 h and 6-48 h; exact 0-24-h fentanyl cannot be reconstructed.,https://drive.google.com/file/d/1Ygu3g28udKuPe0OS95oge2ryIGNeJ0te/view?usp=drivesdk
Chen 2015,CHEN15Q_TEAS_vs_CTRL_RESCUEMORPH24,Preoperative TEAS,Electrodes/device with no stimulation,Cumulative rescue IV morphine dose derived from fixed 2-mg rescue administrations,0-24 h,Median/IQR,41,42,2,2–6,7,4–14,mg IV morphine,Yes,Conditional,CONDITIONAL,24-h opioid endpoint exists but requires a prespecified route/unit/time-window or derived-value rule.,,"Source reports rescue-administration count 1 (1-3) vs 3.5 (2-7); each rescue administration was fixed at morphine 2 mg. Linear conversion to mg is exact, but the source itself reports counts rather than dose.",https://drive.google.com/file/d/1ZtE8GImDcpDJH1tOvzqazoh_S4Gd67oH/view?usp=drivesdk
Chen 2015 (Hyperalgesia),CHEN15H_TEAS_vs_SHAM_SUFKG24,Preoperative TEAS,Electrodes/no-current sham,Derived cumulative sufentanil dose from fixed 0.05 µg/kg bolus,0-24 h,Median/IQR,29,30,0.15,0.1–0.2,0.35,0.3–0.4,µg/kg sufentanil,Yes,Conditional,CONDITIONAL,24-h opioid endpoint exists but requires a prespecified route/unit/time-window or derived-value rule.,,Exact linear conversion from 0.05 µg/kg per bolus × reported bolus count. Do not convert to absolute µg or MME without individual body weights.,https://drive.google.com/file/d/13YKAZZsc2VQEPqkw1Ye40BYDZSRpI6N3/view?usp=drivesdk
Wu 2016,WU16_TAES_vs_ACTIVE_OPIOID24,Perioperative true-acupoint TAES (LI4/PC6/SI3/SJ6),Active nonacupoint electrical stimulation (identical 2/100-Hz current),Exact cumulative postoperative opioid/tramadol consumption,0-24 h,Not reported,27,27,,,,,mg tramadol (IV rescue),No,No,EXCLUDE — DATA UNAVAILABLE,The source does not provide a defensible quantitative 0-24-h cumulative tramadol/opioid value.,,"IV tramadol 100 mg was available as rescue, but group-specific cumulative dose/number of rescues for 0-24 h is not reported.",https://drive.google.com/file/d/1CXkJN0GF45qOQtRcL7EbgmbypBrNnmri/view?usp=drivesdk
Wu 2016,WU16_TAES_vs_UC_OPIOID24,Perioperative true-acupoint TAES (LI4/PC6/SI3/SJ6),No-TAES thoracotomy control,Exact cumulative postoperative opioid/tramadol consumption,0-24 h,Not reported,27,27,,,,,mg tramadol (IV rescue),No,No,EXCLUDE — DATA UNAVAILABLE,The source does not provide a defensible quantitative 0-24-h cumulative tramadol/opioid value.,,"Rescue analgesic demand was lower with true TAES vs no TAES, but exact 0-24-h tramadol dose/number of rescues is not reported.",https://drive.google.com/file/d/1CXkJN0GF45qOQtRcL7EbgmbypBrNnmri/view?usp=drivesdk
Gao 2022,GAO22_TEAS_vs_SHAM_SUFPUMP24,"Postoperative TEAS at bilateral P6/ST36 (2/10 Hz, 30 min ×2)",No-current sham with identical electrode/device setup,Cumulative postoperative sufentanil delivered by analgesic pump,0-24 h,Median/IQR,827,828,33,0–50,30,0–60,µg sufentanil,Yes,Conditional,CONDITIONAL,"Exact 24-h opioid endpoint is directly reported, but it is median/IQR; use only with the prespecified distribution-compatible analysis.",,Analgesic pump was individualized; 72.2% vs 71.0% received sufentanil pump. Preserve zeros and the reported median/IQR; do not infer mean/SD.,https://drive.google.com/file/d/1_DV8ZFHIZwC_SnRMP3IokKfeEs6QzD0S/view?usp=drivesdk
Liu 2015,LIU15_TEAS_vs_SHAM_OPIOID24,Multipoint intraoperative TEAS (2/100 Hz; 30 min pre-induction through end of surgery),No-current sham TEAS with identical electrode placement/device setup,Exact cumulative postoperative sufentanil PCIA consumption,0-24 h,Not reported,44,44,,,,,µg sufentanil,No,No,EXCLUDE / DATA UNAVAILABLE,Cumulative 0-24-h pump consumption is not reported. The fixed basal infusion cannot be treated as total exposure because patient-triggered 0.5-mL sufentanil boluses were allowed and cumulative bolus use is unreported.,,"PCIA: sufentanil 100 µg/50 mL, basal 1 mL/h, bolus 0.5 mL, 10-min lockout. Author/raw pump totals are required for the review primary outcome.",https://drive.google.com/file/d/1R0ueeZhpBPbKOmqRfRyFTsqp7qq7ftqp/view?usp=drivesdk
Oztas 2019,OZT19_TAES_vs_CTRL_TRAM24,"Postoperative TAES at ST25, P6, ST36 and LI4 (2–100 Hz; max 12 mA; 30 min ×6)",No electrical-stimulation intervention + standard PCA analgesia,Cumulative IV PCA tramadol HCl consumption,0-24 h,Mean/SD,15,16,228.4,87.89,357.81,123.7,mg tramadol,Yes,Conditional,CONDITIONAL,"Exact 0–24 h tramadol mean/SD, but rescue pethidine was also used; tramadol alone is not complete total-opioid exposure.",,Separate rescue pethidine prevents combined total-opioid SD reconstruction,https://drive.google.com/file/d/1Zb2RyfK6pYLEOMyE6TOLMt9I0nxZYoYe/view?usp=drivesdk
Oztas 2019,OZT19_TAES_vs_TENS_TRAM24,"Postoperative TAES at ST25, P6, ST36 and LI4 (2–100 Hz; max 12 mA; 30 min ×6)",Incision-periphery TENS (2–100 Hz; max 12 mA; 30 min ×6),Cumulative IV PCA tramadol HCl consumption,0-24 h,Mean/SD,15,16,228.4,87.89,257.68,65.55,mg tramadol,Yes,No,CONDITIONAL,Active electrical-comparator contrast only; do not treat as sham/usual care or independent study unit.,,Three-arm correlated contrast + separate rescue pethidine,https://drive.google.com/file/d/1Zb2RyfK6pYLEOMyE6TOLMt9I0nxZYoYe/view?usp=drivesdk
Oztas 2019,OZT19_TAES_vs_CTRL_TOTALOP24,"Postoperative TAES at ST25, P6, ST36 and LI4 (2–100 Hz; max 12 mA; 30 min ×6)",No electrical-stimulation intervention + standard PCA analgesia,Complete combined postoperative opioid exposure (tramadol + rescue pethidine),0-24 h,Not calculable,15,16,,,,,MME / combined opioid dose,Yes,No,EXCLUDE — DATA UNAVAILABLE,Aggregate tramadol and pethidine means/SDs are separate; SD of within-person combined total cannot be recovered without covariance/raw data.,,Combined all-opioid variance unavailable,https://drive.google.com/file/d/1Zb2RyfK6pYLEOMyE6TOLMt9I0nxZYoYe/view?usp=drivesdk
Song 2020,SONG20_TEAS_vs_SHAM_PCAPRESS24,Perioperative TEAS: PC6/HT7 preoperatively; PC6/HT7/ST36/LI4 postoperatively (2/10 Hz; 30-min sessions),Active nonacupoint electrical stimulation with matched timing/frequency,PCA pump press number,0-24 h,Mean/SD,42,43,30.12,4.3,36.91,2.4,pump presses,No,No,CONDITIONAL,Direct PCA-use endpoint; not a drug dose without additional device semantics.,,15-min lockout; keep presses as behavioral/device-use measure.,https://drive.google.com/file/d/1qL50sUze8YDRs_oIXFWTbVUL5102qnw4/view?usp=drivesdk
Song 2020,SONG20_TEAS_vs_SHAM_BUTORPCA24_DERIVED,Perioperative TEAS: PC6/HT7 preoperatively; PC6/HT7/ST36/LI4 postoperatively (2/10 Hz; 30-min sessions),Active nonacupoint electrical stimulation with matched timing/frequency,Nominal butorphanol PCA bolus component derived from reported presses,0-24 h,Derived mean/SD,42,43,2.4096,0.344,2.9528,0.192,mg butorphanol,Yes — derived,No,CONDITIONAL,Linear conversion is conditional on treating each reported press as a delivered 2-mL bolus; butorphanol cross-drug conversion must be prespecified.,,Device-semantics ambiguity + prespecified butorphanol conversion needed.,https://drive.google.com/file/d/1qL50sUze8YDRs_oIXFWTbVUL5102qnw4/view?usp=drivesdk
Szmit 2021,SZMIT21_TEAS_vs_SHAM_MORPH24,Postoperative TEAS: bilateral LI4 + ipsilateral peri-incisional ashi points; alternating 2/100 Hz; 30 min every 2 h through 24 h,Sham TEAS: identical devices/placement with no electrical stimulation + PCA,Total IV PCA morphine dose,0-24 h,Mean/SD,24,24,7.5,3.8,15.2,6.24,mg IV morphine,Yes,Yes,INCLUDE IN PRIMARY,Direct exact first-24-h PCA morphine mean/SD; principal sham-controlled contrast.,,Three-arm RCT: retain TEAS-vs-control separately; source also reports median/IQR 8 (5–9) vs 15 (13–18).,https://drive.google.com/file/d/1SbgHRO4KEP9X0Unz75vDMFCvlkDTEgk3/view?usp=drivesdk
Szmit 2021,SZMIT21_TEAS_vs_CTRL_MORPH24,Postoperative TEAS: bilateral LI4 + ipsilateral peri-incisional ashi points; alternating 2/100 Hz; 30 min every 2 h through 24 h,PCA only / no TEAS,Total IV PCA morphine dose,0-24 h,Mean/SD,24,23,7.5,3.8,15.5,6.1,mg IV morphine,Yes,No,CONDITIONAL — MULTI-ARM ALTERNATIVE COMPARATOR,"Exact first-24-h PCA morphine mean/SD, but correlated with the principal sham contrast.",,Use as supportive/usual-care comparator or with a valid multi-arm method; do not count as a second independent study.,https://drive.google.com/file/d/1SbgHRO4KEP9X0Unz75vDMFCvlkDTEgk3/view?usp=drivesdk
Zhang 2018,ZHANG18_TEA_vs_SHAM_OPIOID24,"Postoperative needleless TEA at bilateral ST36 and PC6; 25 Hz, 0.5-ms pulse width, 2–10 mA; 1 h twice daily on POD1–3",Active electrical stimulation at non-acupoints with the same stimulation method,Exact cumulative postoperative opioid consumption,0-24 h,Not reported,21,21,,,,,opioid dose,No,No,EXCLUDE — DATA UNAVAILABLE,The source does not report a quantitative postoperative opioid dose or rescue-opioid endpoint.,,"Pain was assessed, but postoperative analgesic consumption is not reported.",https://drive.google.com/file/d/1ZcLvQiw1bigHUYQTjwWPa8f1D2UrkAwl/view?usp=drivesdk
