study_id,study_key,author,year,modality,comparator,stratum,arm1_n,arm1_mean,arm1_sd,arm2_n,arm2_mean,arm2_sd,md_mme,se_mme,ci_low,ci_upp,pain_rest_md,pain_rest_se,pain_mov_md,pain_mov_se,ponv_rr,ponv_arm1_ev,ponv_arm1_tot,ponv_arm2_ev,ponv_arm2_tot,timing_cat,frequency_cat,intensity_cat,sessions_cat,duration_min,duration_30min,rob2_overall,inquiry_cat,is_converted,surgery_cat,reaches_5mg,reaches_8mg,pct_reduction
1879897506,"#969 - Chen 1998","Chen",1998,TEAS,"Sham","TEAS vs Sham",25,0.5,3.5,25,7,5,-6.5,1.221,-8.89,-4.11,,,,,,,,,,"Preoperative only","2/100 Hz (Dense-Disperse)","Sub-sensory (Sham)","Single session",30,1.0,"Some concerns",A,0,"Abdominal & Gastrointestinal",1,0,92.9
1879897477,"#951 - Lin 2002","Lin",2002,EA,"Sham","EA vs Sham",,,,,,,,,,,,,,,4.33,6,25,1,25,"Preoperative only","100 Hz (High Frequency)","Sub-sensory (Sham)","Single session",20,0.7,"Some concerns",C,2,"Abdominal & Gastrointestinal",0,0,0.0
1879897479,"#952 - Sim 2002","Sim",2002,EA,"Sham","EA vs Sham",30,0.52,0.19,30,2,22.42,-1.48,4.093,-9.5,6.54,-4.3,0.505,,,0.78,3,30,4,30,"Multi-phase (Perioperative)","2/100 Hz (Dense-Disperse)","Sub-sensory (Sham)","Single session",142,4.7,"Some concerns",B,1,"Abdominal & Gastrointestinal",0,0,74.0
1879897414,"#912 - Wong 2006","Wong",2006,EA,"Sham","EA vs Sham",13,0,8.8,12,8,9.8,-8,3.736,-15.32,-0.68,0.5,0.679,,,,,,,,"Postoperative only","2/100 Hz (Dense-Disperse)","Sub-sensory (Sham)","Single session",60,2.0,"Some concerns",B,1,"Thoracic & Cardiac",1,1,100.0
1879897344,"#837 - El-Rakshy 2009","El",2009,EA,"Usual Care","EA vs Usual Care",42,0.4,7.5,40,2,8.6,-1.6,1.786,-5.1,1.9,,,,,,,,,,"Intraoperative only","2–10 Hz (Low Frequency)","Tolerable twitching/tingling (5–15 mA)","Single session",2,0.1,"Some concerns",B,1,"Abdominal & Gastrointestinal",0,0,80.0
1879897280,"#828 - Yeh 2010","Yeh",2010,EA,"Sham","EA vs Sham",30,0.3,9.7,30,6,13.1,-5.7,2.976,-11.53,0.13,0.2,0.413,0.2,0.413,,,,,,"Postoperative only","2/100 Hz (Dense-Disperse)","Tolerable twitching/tingling (5–15 mA)","Single session",40,1.3,"Some concerns",A,0,"Abdominal & Gastrointestinal",1,0,95.0
1879897273,"#823 - Yeh 2010 (ATHM)","Yeh",2010,EA,"Sham","EA vs Sham",33,0.6,9.7,30,6,13.1,-5.4,2.928,-11.14,0.34,-4.7,0.392,-4.7,0.392,,,,,,"Postoperative only","2/100 Hz (Dense-Disperse)","Tolerable twitching/tingling (5–15 mA)","Single session",60,2.0,"Some concerns",A,0,"Orthopedic & Spine",1,0,90.0
1879897266,"#838 - Coura 2011","Coura",2011,EA,"Sham","EA vs Sham",13,0.1,2.2,9,0.9,1.7,-0.8,0.833,-2.43,0.83,0.2,4.208,,,,,,,,"Preoperative only","100 Hz (High Frequency)","Tolerable twitching/tingling (5–15 mA)","Single session",30,1.0,"Some concerns",B,1,"Thoracic & Cardiac",0,0,88.9
1879897255,"#812 - Lee 2011","Lee",2011,TEAS,"Sham","TEAS vs Sham",,,,,,,,,,,0.06,12.316,-0.24,0.914,,,,,,"Preoperative only","100 Hz (High Frequency)","Sub-sensory (Sham)","Single session",60,2.0,"Some concerns",None,0,"Abdominal & Gastrointestinal",0,0,0.0
1879897195,"#775 - Ng 2012 / 2013","Ng",2012,EA,"Sham","EA vs Sham",55,14.8,4,55,15,5,-0.2,0.372,-0.93,0.53,0.1,0.411,,,,,,,,"Postoperative only","100 Hz (High Frequency)","Sub-sensory (Sham)","Multiple sessions (≥ 2)",20,0.7,"Low",B,1,"Abdominal & Gastrointestinal",0,0,1.3
1879897069,"#698 - An 2014","An",2014,EA,"Usual Care","EA vs Usual Care",41,0.67,0.09,40,2,3.56,-1.33,0.563,-2.43,-0.23,,,,,1.81,6,41,3,40,"Preoperative only","2/100 Hz (Dense-Disperse)","Tolerable twitching/tingling (5–15 mA)","Single session",30,1.0,"Some concerns",B,1,"Neurosurgery",0,0,66.5
1879897120,"#729 - Ntritsou 2014","Ntritsou",2014,EA,"Sham","EA vs Sham",35,-2.8,4,35,15,5,-17.8,15.628,-48.43,12.83,0.39,0.285,-0.2,0.267,,,,,,"Multi-phase (Perioperative)","2–10 Hz (Low Frequency)","Sub-sensory (Sham)","Single session",60,2.0,"Low",B,1,"Other General Surgery",1,1,118.7
1879897074,"#701 - Xie 2014","Xie",2014,EA,"Sham","EA vs Sham",20,0,6,20,5,7,-5,2.062,-9.04,-0.96,-1.8,0.192,,,,,,,,"Multi-phase (Perioperative)","2/100 Hz (Dense-Disperse)","Sub-sensory (Sham)","Single session",247,8.2,"Some concerns",B,1,"Thoracic & Cardiac",1,0,100.0
1879897091,"#711 - Zhang 2014","Zhang",2014,TEAS,"Sham","TEAS vs Sham",33,14.97,4,32,15,5,-0.03,0.005,-0.04,-0.02,,,,,,,,,,"Preoperative only","2/100 Hz (Dense-Disperse)","Sub-sensory (Sham)","Single session",30,1.0,"Low",B,1,"Gynecologic & Breast",0,0,0.2
1879897004,"#657 - Chen 2015","Chen",2015,TEAS,"Sham","TEAS vs Sham",41,0.6,0.7,42,7,9,-6.4,1.393,-9.13,-3.67,-6.4,1.393,,,0.07,,41,7,42,"Preoperative only","2/100 Hz (Dense-Disperse)","Sub-sensory (Sham)","Single session",30,1.0,"Low",B,1,"Head, Neck & ENT",1,0,91.4
1879897029,"#632 - Chen 2015 (Hyperalgesia)","Chen",2015,TEAS,"Sham","TEAS vs Sham",,,,,,,,,,,,,,,11.37,5,29,,30,"Multi-phase (Perioperative)","2/100 Hz (Dense-Disperse)","Sub-sensory (Sham)","Single session",30,1.0,"Some concerns",C,2,"Head, Neck & ENT",0,0,0.0
1879897026,"#671 - Yao 2015","Yao",2015,TEAS,"Sham","TEAS vs Sham",35,26.7,4,36,15,5,11.7,3.01,5.8,17.6,,,,,,,,,,"Multi-phase (Perioperative)","2/100 Hz (Dense-Disperse)","Sub-sensory (Sham)","Single session",30,1.0,"Some concerns",B,1,"Head, Neck & ENT",1,1,-78.0
1879896952,"#619 - Grech 2016","Grech",2016,EA,"Usual Care","EA vs Usual Care",,,,,,,,,,,,,,,,,,,,"Intraoperative only","2–10 Hz (Low Frequency)","Tolerable twitching/tingling (5–15 mA)","Single session",60,2.0,"Some concerns",C,2,"Head, Neck & ENT",0,0,0.0
1879896891,"#596 - PraveenaSeevaunnamtum 2016","Praveena",2016,EA,"Usual Care","EA vs Usual Care",32,0.38,14.38,32,4,20.24,-3.62,4.389,-12.22,4.98,-0.03,0.496,,,,,,,,"Multi-phase (Perioperative)","2–10 Hz (Low Frequency)","Tolerable twitching/tingling (5–15 mA)","Single session",30,1.0,"Some concerns",A,0,"Other General Surgery",0,0,90.5
1882881457,"#3811 - Huang 2017","Huang",2017,TEAS,"Sham","TEAS vs Sham",20,0.32,0.48,20,7,0.59,-6.68,0.17,-7.01,-6.35,,,,,5,7,20,1,20,"Preoperative only","2/100 Hz (Dense-Disperse)","Sub-sensory (Sham)","Single session",202,6.7,"Low",B,1,"Thoracic & Cardiac",1,0,95.4
1879896963,"#632 - Sun 2017","Sun",2017,TEAS,"Sham","TEAS vs Sham",89,14.06,4,90,15,5,-0.94,0.122,-1.18,-0.7,,,-3.7,3.255,,,,,,"Multi-phase (Perioperative)","2/100 Hz (Dense-Disperse)","Sub-sensory (Sham)","Single session",60,2.0,"Low",B,1,"Abdominal & Gastrointestinal",0,0,6.3
1881841223,"#848 - Gu 2019","Gu",2019,TEAS,"Sham","TEAS vs Sham",,,,,,,,,,,,,,,,,,,,"Multi-phase (Perioperative)","2/100 Hz (Dense-Disperse)","Sub-sensory (Sham)","Single session",327,10.9,"Some concerns",C,2,"Abdominal & Gastrointestinal",0,0,0.0
1879896105,"#115 - Zhou 2025","Author",2020,EA,"Usual Care","EA vs Usual Care",,,,,,,,,,,,,,,,,,,,"Preoperative only","Variable / Other","Tolerable twitching/tingling (5–15 mA)","Single session",30,1.0,"Some concerns",None,0,"Other General Surgery",0,0,0.0
1879896688,"#480 - Chen 2020","Chen",2020,TEAS,"Sham","TEAS vs Sham",40,0.43,4.78,40,0.15,7.87,0.28,1.456,-2.57,3.13,0.86,0.319,,,3.67,5,40,1,40,"Preoperative only","2/100 Hz (Dense-Disperse)","Sub-sensory (Sham)","Single session",166,5.5,"Low",None,0,"Thoracic & Cardiac",0,0,-186.7
1879896661,"#464 - Yang 2020","Yang",2020,EA,"Usual Care","EA vs Usual Care",29,11.7,4,28,15,5,-3.3,1.449,-6.14,-0.46,,,0.9,1.296,,,,,,"Multi-phase (Perioperative)","100 Hz (High Frequency)","Tolerable twitching/tingling (5–15 mA)","Single session",30,1.0,"Some concerns",B,1,"Other General Surgery",0,0,22.0
1879896692,"#483 - Yu 2020","Yu",2020,TEAS,"Sham","TEAS vs Sham",30,13.97,4,30,15,5,-1.03,0.398,-1.81,-0.25,-6.67,2.342,,,1,7,30,7,30,"Multi-phase (Perioperative)","2/100 Hz (Dense-Disperse)","Sub-sensory (Sham)","Single session",30,1.0,"Low",B,1,"Other General Surgery",0,0,6.9
1881841076,"#1389 - Zhan 2020","Zhan",2020,TEAS,"Usual Care","TEAS vs Usual Care",30,14.7,4,30,15,5,-0.3,0.679,-1.63,1.03,,,,,,,,,,"Multi-phase (Perioperative)","2/100 Hz (Dense-Disperse)","Tolerable twitching/tingling (5–15 mA)","Single session",30,1.0,"Some concerns",B,1,"Abdominal & Gastrointestinal",0,0,2.0
1879896620,"#438 - Ao 2021","Ao",2021,TEAS,"Sham","TEAS vs Sham",32,0.8,7.4,33,6,9.2,-5.2,2.068,-9.25,-1.15,,,,,1.86,4,32,2,33,"Postoperative only","2/100 Hz (Dense-Disperse)","Tolerable twitching/tingling (5–15 mA)","Single session",30,1.0,"Some concerns",B,1,"Gynecologic & Breast",1,0,86.7
1879896559,"#400 - Gao 2021","Gao",2021,TEAS,"Sham","TEAS vs Sham",,,,,,,,,,,,,,,,,,,,"Postoperative only","2/10 Hz (Alternating)","Sub-sensory (Sham)","Single session",30,1.0,"Some concerns",C,2,"Other General Surgery",0,0,0.0
1879896618,"#437 - Li 2021","Li",2021,TEAS,"Sham","TEAS vs Sham",140,13.1,4,140,15,5,-1.9,0.413,-2.71,-1.09,,,,,,,,,,"Preoperative only","2/100 Hz (Dense-Disperse)","Sub-sensory (Sham)","Single session",30,1.0,"Low",B,1,"Other General Surgery",0,0,12.7
1879896610,"#432 - Liang 2021","Liang",2021,TEAS,"Usual Care","TEAS vs Usual Care",35,0.4,3.1,35,0.7,156,-0.3,26.374,-51.99,51.39,,,,,1,2,35,2,35,"Preoperative only","2/100 Hz (Dense-Disperse)","Tolerable twitching/tingling (5–15 mA)","Single session",30,1.0,"Some concerns",A,0,"Head, Neck & ENT",0,0,42.9
1879896597,"#424 - Liu 2021","Liu",2021,TEAS,"Usual Care","TEAS vs Usual Care",50,14.86,4,50,15,5,-0.14,0.112,-0.36,0.08,0.16,0.479,-0.18,0.544,,,,,,"Preoperative only","100 Hz (High Frequency)","Tolerable twitching/tingling (5–15 mA)","Single session",30,1.0,"Some concerns",B,1,"Other General Surgery",0,0,0.9
1879896580,"#414 - Lu 2021","Lu",2021,TEAS,"Sham","TEAS vs Sham",,,,,,,,,,,,,,,0.64,5,190,8,188,"Multi-phase (Perioperative)","2/100 Hz (Dense-Disperse)","Tolerable twitching/tingling (5–15 mA)","Single session",30,1.0,"Low",C,2,"Other General Surgery",0,0,0.0
1879896608,"#431 - Xiong 2021","Xiong",2021,TEAS,"Sham","TEAS vs Sham",31,0.7,20.9,31,0.3,13.2,0.4,4.44,-8.3,9.1,,,,,0.56,2,31,4,31,"Multi-phase (Perioperative)","2/100 Hz (Dense-Disperse)","Sub-sensory (Sham)","Single session",30,1.0,"Low",B,1,"Other General Surgery",0,0,-133.3
1879896611,"#433 - Zhou 2021","Zhou",2021,TEAS,"Usual Care","TEAS vs Usual Care",41,0.94,3.66,40,3,8.1,-2.06,1.402,-4.81,0.69,0.55,0.074,,,,,,,,"Postoperative only","2/100 Hz (Dense-Disperse)","Tolerable twitching/tingling (5–15 mA)","Multiple sessions (≥ 2)",30,1.0,"Some concerns",B,1,"Other General Surgery",0,0,68.7
1879896440,"#326 - Jin 2022","Jin",2022,EA,"Sham","EA vs Sham",53,12.61,4,53,15,5,-2.39,0.14,-2.66,-2.11,,,,,,,,,,"Preoperative only","100 Hz (High Frequency)","Tolerable twitching/tingling (5–15 mA)","Single session",30,1.0,"Some concerns",B,1,"Other General Surgery",0,0,15.9
1879896493,"#359 - Li 2022","Li",2022,EA,"Sham","EA vs Sham",39,0.6,2.3,40,9,158.7,-8.4,25.095,-57.59,40.79,0,2.914,,,,,,,,"Preoperative only","2/100 Hz (Dense-Disperse)","Tolerable twitching/tingling (5–15 mA)","Single session",30,1.0,"Low",A,0,"Other General Surgery",1,1,93.3
1879896426,"#317 - Lu 2022","Lu",2022,TEAS,"Sham","TEAS vs Sham",47,14.02,4,47,15,5,-0.98,0.429,-1.82,-0.14,,,,,0.2,,47,2,47,"Preoperative only","2/100 Hz (Dense-Disperse)","Sub-sensory (Sham)","Multiple sessions (≥ 2)",30,1.0,"Low",B,1,"Other General Surgery",0,0,6.5
1879896450,"#332 - Wu 2022","Wu",2022,TEAS,"Sham","TEAS vs Sham",44,14.52,4,40,15,5,-0.48,0.179,-0.83,-0.13,0.77,0.199,,,1.72,8,44,4,40,"Postoperative only","2/100 Hz (Dense-Disperse)","Sub-sensory (Sham)","Single session",30,1.0,"Low",B,1,"Other General Surgery",0,0,3.2
1879896460,"#338 - Xing 2022","Xing",2022,TEAS,"Sham","TEAS vs Sham",29,14.78,4,29,15,5,-0.22,0.122,-0.46,0.02,,,,,,,,,,"Multi-phase (Perioperative)","2/100 Hz (Dense-Disperse)","Sub-sensory (Sham)","Single session",30,1.0,"Low",B,1,"Other General Surgery",0,0,1.5
1879896528,"#381 - Zhu 2022","Zhu",2022,EA,"Usual Care","EA vs Usual Care",,,,,,,,,,,-0.02,0.156,-0.02,0.156,,,,,,"Preoperative only","2/100 Hz (Dense-Disperse)","Strong non-painful (15–25 mA)","Multiple sessions (≥ 2)",30,1.0,"Some concerns",C,2,"Other General Surgery",0,0,0.0
1879896335,"#260 - Guo 2023","Guo",2023,TEAS,"Sham","TEAS vs Sham",55,0.42,7.62,55,9,1.76,-8.58,1.055,-10.65,-6.51,,,,,0.45,2,55,5,55,"Preoperative only","2/100 Hz (Dense-Disperse)","Sub-sensory (Sham)","Single session",30,1.0,"Some concerns",B,1,"Other General Surgery",1,1,95.3
1879896391,"#295 - Hou 2023","Hou",2023,TEAS,"Sham","TEAS vs Sham",,,,,,,,,,,-0.5,2.034,-1.3,0.154,0.53,4,36,8,36,"Preoperative only","2/100 Hz (Dense-Disperse)","Sub-sensory (Sham)","Single session",30,1.0,"Some concerns",C,2,"Other General Surgery",0,0,0.0
1879896311,"#245 - Huang 2023","Huang",2023,EA,"Sham","EA vs Sham",,,,,,,,,,,-0.55,2.275,-0.55,2.275,,,,,,"Preoperative only","2–10 Hz (Low Frequency)","Sub-sensory (Sham)","Single session",30,1.0,"Some concerns",C,2,"Other General Surgery",0,0,0.0
1879896396,"#298 - Pan 2023","Pan",2023,TEAS,"Sham","TEAS vs Sham",30,14,4,30,15,5,-1,0.143,-1.28,-0.72,-3.3,1.808,,,,,,,,"Multi-phase (Perioperative)","2/100 Hz (Dense-Disperse)","Tolerable twitching/tingling (5–15 mA)","Single session",30,1.0,"Some concerns",B,1,"Other General Surgery",0,0,6.7
1879896309,"#244 - Tu 2023","Tu",2023,TEAS,"Sham","TEAS vs Sham",57,0.99,10.78,58,6,13.23,-5.01,2.249,-9.42,-0.6,-2.47,0.501,,,,,,,,"Postoperative only","2/100 Hz (Dense-Disperse)","Sub-sensory (Sham)","Single session",30,1.0,"Low",A,0,"Head, Neck & ENT",1,0,83.5
1879896394,"#297 - Wang 2023","Wang",2023,TEAS,"Sham","TEAS vs Sham",40,14.02,4,43,15,5,-0.98,0.214,-1.4,-0.56,-5.49,0.172,,,0.73,6,40,9,43,"Multi-phase (Perioperative)","2/100 Hz (Dense-Disperse)","Sub-sensory (Sham)","Single session",30,1.0,"Low",A,0,"Other General Surgery",0,0,6.5
1879896323,"#252 - Yang 2023","Yang",2023,EA,"Usual Care","EA vs Usual Care",90,0.7,4.7,90,0,4.9,0.7,0.716,-0.7,2.1,,,,,,,,,,"Multi-phase (Perioperative)","100 Hz (High Frequency)","Tolerable twitching/tingling (5–15 mA)","Single session",30,1.0,"Some concerns",A,0,"Other General Surgery",0,0,0.0
1879896412,"#308 - Zhang 2023","Zhang",2023,TEAS,"Sham","TEAS vs Sham",922,14.66,4,916,15,5,-0.34,0.102,-0.54,-0.14,,,,,,,,,,"Multi-phase (Perioperative)","2/100 Hz (Dense-Disperse)","Sub-sensory (Sham)","Single session",30,1.0,"Low",B,1,"Other General Surgery",0,0,2.3
1879896259,"#212 - Wang 2024","Wang",2024,TEAS,"Sham","TEAS vs Sham",,,,,,,,,,,,,,,19.55,9,68,,70,"Multi-phase (Perioperative)","2/100 Hz (Dense-Disperse)","Sub-sensory (Sham)","Single session",30,1.0,"Low",C,2,"Gynecologic & Breast",0,0,0.0
1879896131,"#131 - Huang 2025","Huang",2025,EA,"Sham","EA vs Sham",,,,,,,,,,,,,,,,,,,,"Preoperative only","100 Hz (High Frequency)","Sub-sensory (Sham)","Single session",30,1.0,"Some concerns",C,2,"Other General Surgery",0,0,0.0
1879896021,"#75 - Liu 2025","Liu",2025,EA,"Sham","EA vs Sham",38,0,2.8,39,1,4,-1,0.785,-2.54,0.54,,,,,,,,,,"Preoperative only","2/100 Hz (Dense-Disperse)","Sub-sensory (Sham)","Single session",30,1.0,"Low",B,1,"Other General Surgery",0,0,100.0
1879896009,"#69 - Liu 2025","Liu",2025,TEAS,"Sham","TEAS vs Sham",58,13.4,4,62,15,5,-1.6,0.296,-2.18,-1.02,-8.5,0.093,,,1.07,4,58,4,62,"Preoperative only","2/100 Hz (Dense-Disperse)","Sub-sensory (Sham)","Single session",30,1.0,"Low",B,1,"Other General Surgery",0,0,10.7
1879896090,"#106 - Long 2025","Long",2025,TEAS,"Sham","TEAS vs Sham",30,13.82,4,30,15,5,-1.18,0.265,-1.7,-0.66,-4.15,0.216,,,0.17,1,27,8,26,"Multi-phase (Perioperative)","2/100 Hz (Dense-Disperse)","Sub-sensory (Sham)","Single session",30,1.0,"Some concerns",B,1,"Other General Surgery",0,0,7.9
1879896116,"#122 - Wu 2025","Wu",2025,TEAS,"Sham","TEAS vs Sham",50,12.7,4,50,15,5,-2.3,0.235,-2.76,-1.84,-1.2,3.16,,,,,,,,"Postoperative only","2/100 Hz (Dense-Disperse)","Sub-sensory (Sham)","Single session",30,1.0,"Low",A,0,"Other General Surgery",0,0,15.3
1879896013,"#71 - Zhang 2025","Zhang",2025,TEAS,"Sham","TEAS vs Sham",45,0.53,4.46,48,9,5.14,-8.47,0.996,-10.42,-6.52,0.3,0.27,,,0.87,4,45,5,48,"Multi-phase (Perioperative)","2/100 Hz (Dense-Disperse)","Sub-sensory (Sham)","Single session",30,1.0,"Low",A,0,"Other General Surgery",1,1,94.1
1879896014,"#72 - Zheng 2025","Zheng",2025,TEAS,"Sham","TEAS vs Sham",42,14.5,4,43,15,5,-0.5,0.209,-0.91,-0.09,0.3,0.685,,,0.92,8,42,9,43,"Multi-phase (Perioperative)","2/100 Hz (Dense-Disperse)","Sub-sensory (Sham)","Single session",30,1.0,"Low",B,1,"Other General Surgery",0,0,3.3
1879895945,"#41 - He 2026","He",2026,EA,"Sham","EA vs Sham",,,,,,,,,,,-0.58,0.015,-3.14,0.041,0.64,3,65,5,65,"Multi-phase (Perioperative)","2/10 Hz (Alternating)","Tolerable twitching/tingling (5–15 mA)","Single session",30,1.0,"Some concerns",C,2,"Other General Surgery",0,0,0.0
1879895909,"#25 - He 2026 (Hepatectomy)","He",2026,TEAS,"Sham","TEAS vs Sham",80,0.5,4,79,4,7.1,-3.5,0.915,-5.29,-1.71,,,,,6.25,9,80,1,79,"Preoperative only","2/100 Hz (Dense-Disperse)","Sub-sensory (Sham)","Single session",30,1.0,"Low",None,0,"Other General Surgery",0,0,87.5
1879895860,"#4 - Jiang 2026","Jiang",2026,TEAS,"Sham","TEAS vs Sham",294,0.6,3.58,293,0,3.35,0.6,0.286,0.04,1.16,,,,,0.6,4,294,7,293,"Preoperative only","2/100 Hz (Dense-Disperse)","Sub-sensory (Sham)","Single session",30,1.0,"Low",B,1,"Head, Neck & ENT",0,0,0.0
1879895960,"#48 - Liu 2026","Liu",2026,TEAS,"Sham","TEAS vs Sham",,,,,,,,,,,-2.3,1.197,,,0.88,7,43,8,43,"Preoperative only","2/100 Hz (Dense-Disperse)","Tolerable twitching/tingling (5–15 mA)","Single session",30,1.0,"Some concerns",C,2,"Other General Surgery",0,0,0.0
1879895932,"#35 - Luo 2026","Luo",2026,TEAS,"Sham","TEAS vs Sham",138,0.86,5.11,139,0.03,4.75,0.83,0.593,-0.33,1.99,-4.7,0.112,,,1.29,4,138,3,139,"Preoperative only","2–10 Hz (Low Frequency)","Sub-sensory (Sham)","Single session",30,1.0,"Low",B,1,"Head, Neck & ENT",0,0,-2766.7
1879895855,"#2 - Ma 2026","Ma",2026,TEAS,"Sham","TEAS vs Sham",30,14.12,4,30,15,5,-0.88,0.245,-1.36,-0.4,-5.88,0.249,,,0.72,6,17,8,16,"Multi-phase (Perioperative)","2/100 Hz (Dense-Disperse)","Tolerable twitching/tingling (5–15 mA)","Single session",30,1.0,"Some concerns",B,1,"Other General Surgery",0,0,5.9