record_id,comparison_id,study,endpoint_family,outcome,window,time_class,statistic_type,modality,comparator_type,intervention,comparator,unit,n_i,n_c,mean_i,sd_i,mean_c,sd_c,events_i,events_c,eligibility,reason,rob2,analysis_population,source,source_location,selected_model,effect,se,measure,effect_note,scale_factor,hedges_g,hedges_se
V33-OD-0003,SEEVA16_EA_vs_UC,Seevaunnamtum 2016,Postoperative opioid dose (native window/unit),Cumulative IV PCA morphine requirement,First 24 h postoperatively,cumulative 0–24 h (locked primary source adjudication),Mean/SD,EA,Usual care,Intraoperative EA,Standard care,mg morphine,32,32,21.38,14.38,33.94,20.24,,,INCLUDE,Locked strict primary result; prespecified source adjudication and conversions retained.,EXISTING_LOCKED_PRIMARY: Some concerns,,https://drive.google.com/file/d/1OhuqhDUCEmOij7fZFhHHCJNwfQ9xpMzd/view?usp=drivesdk,Table 2 / 24-h PCA morphine,,-12.56,4.389056,MD,Native MD; no pooled interpretation without compatible model.,1,-0.706727,0.257686
V33-OD-0004,LIN02_HIGH_vs_CONTROL,Lin 2002,Postoperative opioid dose (native window/unit),Cumulative IV PCA morphine delivered during postoperative test period,Postoperative hour 1 through next 23 h (published as 24-h test-period value),postoperative hour 1 through next 23h (published as 24-h test-period value),Mean/SD,EA,CONTROL_TYPE_REVIEW_REQUIRED,100-Hz EA,Untreated control,mg morphine,25,25,15,10.7,38.1,16,,,INCLUDE,"Numerically extractable in its native endpoint/time/statistic; pooling still requires compatible stratum, comparator and independent-arm selection.",ROB2_RESULT_SPECIFIC_PENDING,,https://drive.google.com/file/d/1Q5dNOPkf4PB_ctbHu1_3v3UIMIJzKRw9/view?usp=drivesdk,Table 2,,-23.1,3.849623,MD,Native MD; no pooled interpretation without compatible model.,1,-1.670564,0.328493
V33-OD-0005,LIN02_LOW_vs_CONTROL,Lin 2002,Postoperative opioid dose (native window/unit),Cumulative IV PCA morphine delivered during postoperative test period,Postoperative hour 1 through next 23 h (published as 24-h test-period value),postoperative hour 1 through next 23h (published as 24-h test-period value),Mean/SD,EA,CONTROL_TYPE_REVIEW_REQUIRED,2-Hz EA,Untreated control,mg morphine,25,25,21.8,14.7,38.1,16,,,INCLUDE,"Numerically extractable in its native endpoint/time/statistic; pooling still requires compatible stratum, comparator and independent-arm selection.",ROB2_RESULT_SPECIFIC_PENDING,,https://drive.google.com/file/d/1Q5dNOPkf4PB_ctbHu1_3v3UIMIJzKRw9/view?usp=drivesdk,Table 2,,-16.3,4.345526,MD,Native MD; no pooled interpretation without compatible model.,1,-1.044275,0.301505
V33-OD-0006,LIN02_HIGH_vs_SHAM,Lin 2002,Postoperative opioid dose (native window/unit),Cumulative IV PCA morphine delivered during postoperative test period,Postoperative hour 1 through next 23 h (published as 24-h test-period value),postoperative hour 1 through next 23h (published as 24-h test-period value),Mean/SD,EA,Sham,100-Hz EA,Sham EA,mg morphine,25,25,15,10.7,30.2,14.4,,,INCLUDE,"Numerically extractable in its native endpoint/time/statistic; pooling still requires compatible stratum, comparator and independent-arm selection.",ROB2_RESULT_SPECIFIC_PENDING,,https://drive.google.com/file/d/1Q5dNOPkf4PB_ctbHu1_3v3UIMIJzKRw9/view?usp=drivesdk,Table 2,,-15.2,3.588036,MD,Native MD; no pooled interpretation without compatible model.,1,-1.179387,0.306447
V33-OD-0007,LIN02_LOW_vs_SHAM,Lin 2002,Postoperative opioid dose (native window/unit),Cumulative IV PCA morphine delivered during postoperative test period,Postoperative hour 1 through next 23 h (published as 24-h test-period value),postoperative hour 1 through next 23h (published as 24-h test-period value),Mean/SD,EA,Sham,2-Hz EA,Sham EA,mg morphine,25,25,21.8,14.7,30.2,14.4,,,INCLUDE,"Numerically extractable in its native endpoint/time/statistic; pooling still requires compatible stratum, comparator and independent-arm selection.",ROB2_RESULT_SPECIFIC_PENDING,,https://drive.google.com/file/d/1Q5dNOPkf4PB_ctbHu1_3v3UIMIJzKRw9/view?usp=drivesdk,Table 2,,-8.4,4.11558,MD,Native MD; no pooled interpretation without compatible model.,1,-0.568222,0.288494
V33-OD-0011,CHEN98_NONACU_vs_SHAM,Chen 1998,Postoperative opioid dose (native window/unit),Cumulative IV PCA hydromorphone,First 24 h postoperatively,first 24h postoperatively,Mean/SD,TEAS,Sham,Active nonacupoint shoulder TENS,Sham ST36 TENS (0 mA),mg hydromorphone,25,25,10.5,6.2,10.7,5,,,INCLUDE,"Numerically extractable in its native endpoint/time/statistic; pooling still requires compatible stratum, comparator and independent-arm selection.",EXISTING_RESULT_SPECIFIC: Some concerns,,https://drive.google.com/file/d/1lUyYj9aN1CL9RpY86ZY0970To83Kb17s/view?usp=drivesdk,Table 2 / first-24-h hydromorphone,,-0.2,1.592985,MD,Native MD; no pooled interpretation without compatible model.,1,-0.034953,0.282864
V33-OD-0012,CHEN98_DERM_vs_SHAM,Chen 1998,Postoperative opioid dose (native window/unit),Cumulative IV PCA hydromorphone,First 24 h postoperatively,first 24h postoperatively,Mean/SD,TEAS,Sham,Active dermatomal/peri-incisional TENS,Sham ST36 TENS (0 mA),mg hydromorphone,25,25,6.8,4.2,10.7,5,,,INCLUDE,"Numerically extractable in its native endpoint/time/statistic; pooling still requires compatible stratum, comparator and independent-arm selection.",EXISTING_RESULT_SPECIFIC: Some concerns,,https://drive.google.com/file/d/1lUyYj9aN1CL9RpY86ZY0970To83Kb17s/view?usp=drivesdk,Table 2 / first-24-h hydromorphone,,-3.9,1.305986,MD,Native MD; no pooled interpretation without compatible model.,1,-0.831372,0.294808
V33-OD-0013,CHEN98_ACU_vs_SHAM,Chen 1998,Postoperative opioid dose (native window/unit),Cumulative IV PCA hydromorphone,First 24 h postoperatively,cumulative 0–24 h (locked primary source adjudication),Mean/SD,TEAS,Sham,Active ST36 acupoint TENS,Sham ST36 TENS (0 mA),mg hydromorphone,25,25,6.5,3.5,10.7,5,,,INCLUDE,Locked strict primary result; prespecified source adjudication and conversions retained.,EXISTING_LOCKED_PRIMARY: Some concerns,,https://drive.google.com/file/d/1lUyYj9aN1CL9RpY86ZY0970To83Kb17s/view?usp=drivesdk,Table 2 / first-24-h hydromorphone,,-4.2,1.220656,MD,Native MD; no pooled interpretation without compatible model.,1,-0.957912,0.298623
V33-OD-0014,CHEN20_TEAS_vs_SHAM,Chen 2020,Postoperative opioid dose (native window/unit),Cumulative sufentanil,24 h postoperatively,cumulative 0–24 h (locked primary source adjudication),Mean/SD,TEAS,Sham,Perioperative TEAS,Sham low/zero-current protocol,µg sufentanil,40,40,72.43,4.78,100.62,10.2,,,INCLUDE,Locked strict primary result; prespecified source adjudication and conversions retained.,EXISTING_LOCKED_PRIMARY: Some concerns,,https://drive.google.com/file/d/1y0_cC1NCl5g2vYxDMOtYmxVA_YEE-rsR/view?usp=drivesdk,Cumulative sufentanil result,,-28.19,1.78107,MD,Native MD; no pooled interpretation without compatible model.,1,-3.505011,0.356064
V33-OD-0016,COURA11_EA_vs_SHAM,Coura 2011,Postoperative opioid dose (native window/unit),Cumulative fentanyl,First 24 h postoperatively,first 24h postoperatively,Mean/SD,EA,Sham,Preoperative EA,Sham stimulation,µg/kg fentanyl,13,9,13.1,2.2,16.3,1.6,,,INCLUDE,"Numerically extractable in its native endpoint/time/statistic; pooling still requires compatible stratum, comparator and independent-arm selection.",EXISTING_RESULT_SPECIFIC: High,,https://drive.google.com/file/d/120NJxCmxsdiyqWTXzjmaUWAaVa1i8iZz/view?usp=drivesdk,Published cumulative first-24-h fentanyl result,,-3.2,0.810402,MD,Native MD; no pooled interpretation without compatible model.,1,-1.553284,0.492816
V33-OD-0018,AO21_TEAS_vs_SHAM_OPIOID24,Ao 2021,Postoperative opioid dose (native window/unit),Cumulative postoperative sufentanil,Exact 0-24 h,exact 0-24h,Not reported,TEAS,Sham,TEAS,Sham/no current,µg sufentanil,32,33,,,,,,,NOT REPORTED,Accessed source does not supply the requested numerical result.,ROB2_RESULT_SPECIFIC_PENDING,,https://drive.google.com/file/d/1tNFnY0fJpx53hrtY4DIaE1RsNjE55Xvd/view?usp=drivesdk,Article reports 48-h PCA framework only,,,,,,1,,
V33-OD-0030,ZHOU25_TEAS_vs_SHAM_OPIOID24,Zhou 2025,Postoperative opioid dose (native window/unit),Exact cumulative postoperative opioid dose,0-24 h,0-24h,Not reported,TEAS,Sham,PACU TEAS,Sham/no current,mg/µg,48,49,,,,,,,NOT REPORTED,Accessed source does not supply the requested numerical result.,ROB2_RESULT_SPECIFIC_PENDING,,https://drive.google.com/file/d/1gpNBuoukUttXKWiAAeZSqdIaaHSMOwDU/view?usp=drivesdk,Not numerically reported,,,,,,1,,
V33-OD-0032,ZHOU21_TEAS_vs_UC_OPIOIDUSE,Zhou 2021,Postoperative opioid dose (native window/unit),Any postoperative opioid use,Postoperative window not clearly defined as 0-24 h,postoperative window not clearly defined as 0-24h,Events/total,TEAS,Usual care,Postoperative TEAS + ERAS,ERAS/usual care,participants,41,40,,,,,18,30,INCLUDE,"Numerically extractable in its native endpoint/time/statistic; pooling still requires compatible stratum, comparator and independent-arm selection.",ROB2_RESULT_SPECIFIC_PENDING,,https://drive.google.com/file/d/1PxYyULBv_ZjWeqAm_bNYkDn_j2_lNYLq/view?usp=drivesdk,Table 3,,-0.535518,0.198743,logRR,Uncorrected log risk ratio,1,,
V33-OD-0036,ZHENG25_TEAS_vs_SHAM_OPIOID24,Zheng 2025,Postoperative opioid dose (native window/unit),Exact cumulative postoperative sufentanil mass,0-24 h,0-24h,Not reported,TEAS,Sham,Perioperative TEAS,Sham/no current,µg sufentanil,42,43,,,,,,,NOT REPORTED,Accessed source does not supply the requested numerical result.,ROB2_RESULT_SPECIFIC_PENDING,,https://drive.google.com/file/d/1-JWKZgQXaQQQBZgMSDqyIP-vG9aAxBqb/view?usp=drivesdk,PCIA formulation section / missing outcome,,,,,,1,,
V33-OD-0038,ZHAN20_TAPTEAS_vs_TAP_OPIOID24,Zhan 2020,Postoperative opioid dose (native window/unit),Actual cumulative postoperative sufentanil consumption,0-24 h,0-24h,Not reported,TEAS,CONTROL_TYPE_REVIEW_REQUIRED,TAP block + postoperative TEAS,TAP block,µg sufentanil,30,30,,,,,,,NOT REPORTED,Accessed source does not supply the requested numerical result.,ROB2_RESULT_SPECIFIC_PENDING,,https://drive.google.com/file/d/1GYG7JxUOQxbt724-Ng7dWv3sYeC8dDSr/view?usp=drivesdk,PCIA protocol / exact 24-h opioid section,,,,,,1,,
V33-OD-0039,ZHANG25_TEAS_vs_SHAM_SUFPOD1,Zhang 2025,Postoperative opioid dose (native window/unit),Total sufentanil consumption,POD1; approximately 24 h but exact clock window not explicit,pod1; approximately 24h but exact clock window not explicit,Mean/SD,TEAS,Sham,Perioperative TEAS,Sub-sensory sham,µg sufentanil,45,48,50.53,4.46,53.79,5.14,,,INCLUDE,"Numerically extractable in its native endpoint/time/statistic; pooling still requires compatible stratum, comparator and independent-arm selection.",EXISTING_RESULT_SPECIFIC: High,,https://drive.google.com/file/d/1eHx6Hk16vmIfMgoiZ5eNae4zmCR5ktwJ/view?usp=drivesdk,"Table 4, p9",,-3.26,0.996215,MD,Native MD; no pooled interpretation without compatible model.,1,-0.670315,0.21324
V33-OD-0045,ZHANG23_TEAS_vs_SHAM_MME48,Zhang 2023,Postoperative opioid dose (native window/unit),Postoperative IV morphine-equivalent consumption,Within 48 h,within 48h,Median/IQR,TEAS,Sham,TEAS,Sham/no current,mg IV morphine-equivalent,922,916,,,,,,,NARRATIVE ONLY,Median and original dispersion preserved; no mean/SD conversion or MD pooling.,ROB2_RESULT_SPECIFIC_PENDING,,https://drive.google.com/file/d/1LXNXNhVJaOcYXBODulFUuMD4FQXC5dph/view?usp=drivesdk,Table 1 / postoperative opioid-equivalent result,,,,,,1,,
V33-OD-0046,ZHANG23_TEAS_vs_SHAM_OPIOID24,Zhang 2023,Postoperative opioid dose (native window/unit),Exact cumulative postoperative opioid dose,0-24 h,0-24h,Not reported,TEAS,Sham,TEAS,Sham/no current,mg IV morphine-equivalent,922,916,,,,,,,NOT REPORTED,Accessed source does not supply the requested numerical result.,ROB2_RESULT_SPECIFIC_PENDING,,https://drive.google.com/file/d/1LXNXNhVJaOcYXBODulFUuMD4FQXC5dph/view?usp=drivesdk,Exact 24-h endpoint absent,,,,,,1,,
V33-OD-0051,ZHANG14_TEAS_vs_SHAM_OPIOID24,Zhang 2014,Postoperative opioid dose (native window/unit),Exact cumulative postoperative opioid dose,0-24 h,0-24h,Not reported,TEAS,Sham,Preoperative TEAS,Sham/no current,mg/µg,33,32,,,,,,,NOT REPORTED,Accessed source does not supply the requested numerical result.,ROB2_RESULT_SPECIFIC_PENDING,,https://drive.google.com/file/d/1lws1zFpIE-wbLY8X9ewYyTuIP-WySa-c/view?usp=drivesdk,Postoperative analgesic section,,,,,,1,,
V33-OD-0052,YANG24_EA_vs_UC_MORPH24,Yang 2024,Postoperative opioid dose (native window/unit),Morphine use via IV PCA,First 24 h / POD1,cumulative 0–24 h (locked primary source adjudication),Mean/SD,EA,Usual care,Perioperative EA + usual care,Usual care,mg morphine,90,90,43.7,4.7,44,4.9,,,INCLUDE,Locked strict primary result; prespecified source adjudication and conversions retained.,EXISTING_LOCKED_PRIMARY: Some concerns,,https://drive.google.com/file/d/160N3psd5tLEphwXHJzUEZ3uJfaIXcs5V/view?usp=drivesdk,Table 3 / Morphine use on POD1,,-0.3,0.715697,MD,Native MD; no pooled interpretation without compatible model.,1,-0.062223,0.149107
V33-OD-0059,XIONG21_TEAS_vs_CTRL_POSTOPMME,Xiong 2021,Postoperative opioid dose (native window/unit),Postoperative opioid consumption,Postoperative window unclear,AMBIGUOUS,Mean/SD,TEAS,CONTROL_TYPE_REVIEW_REQUIRED,TEAS + dexamethasone + tropisetron,Dexamethasone + tropisetron,mg morphine-equivalent/kg,31,31,0.6,0.2,0.6,0.1,,,HOLD,"Unresolved source statistic, denominator or timepoint.",ROB2_RESULT_SPECIFIC_PENDING,,https://drive.google.com/file/d/1sNaquYeWpsts7_e3XYP9c0CwM-tbQS6T/view?usp=drivesdk,Table 1 / postoperative opioid consumption,,,,,,1,,
V33-OD-0060,XIONG21_TEAS_vs_CTRL_OPIOID24,Xiong 2021,Postoperative opioid dose (native window/unit),Exact cumulative postoperative opioid dose,0-24 h,0-24h,Not reported,TEAS,CONTROL_TYPE_REVIEW_REQUIRED,TEAS + dexamethasone + tropisetron,Dexamethasone + tropisetron,mg morphine-equivalent/kg,31,31,,,,,,,NOT REPORTED,Accessed source does not supply the requested numerical result.,ROB2_RESULT_SPECIFIC_PENDING,,https://drive.google.com/file/d/1sNaquYeWpsts7_e3XYP9c0CwM-tbQS6T/view?usp=drivesdk,Exact 24-h endpoint absent,,,,,,1,,
V33-OD-0066,XING22_NTG_vs_NG_OPIOID24,Xing 2022,Postoperative opioid dose (native window/unit),Exact cumulative postoperative sufentanil delivered,0-24 h,0-24h,Not reported,TEAS,Sham,TEAS + active TAPB,Sham TEAS + active TAPB,µg sufentanil,29,29,,,,,,,NOT REPORTED,Accessed source does not supply the requested numerical result.,ROB2_RESULT_SPECIFIC_PENDING,,https://drive.google.com/file/d/1h3IGpQ56nSh7H16xBEVyTzCBkWOXRSxK/view?usp=drivesdk,Exact 24-h endpoint absent,,,,,,1,,
V33-OD-0067,XIE14_EAS_vs_SHAM_TOTALSUF,Xie 2014,Postoperative opioid dose (native window/unit),Total postoperative/perioperative sufentanil,Study PCA period; exact fixed window unclear,AMBIGUOUS,Mean/SD,MODALITY_REVIEW_REQUIRED,Sham,Active EAS PC4/PC6,Sham needling PC4/PC6,µg sufentanil,20,20,115,6,133,7,,,HOLD,"Unresolved source statistic, denominator or timepoint.",EXISTING_RESULT_SPECIFIC: Some concerns,,https://drive.google.com/file/d/17faY_h0rMJTuhjPOC5PL_S59jYmHDPee/view?usp=drivesdk,Table 2 / total sufentanil,,,,,,1,,
V33-OD-0068,XIE14_EAS_vs_CONTROL_TOTALSUF,Xie 2014,Postoperative opioid dose (native window/unit),Total postoperative/perioperative sufentanil,Study PCA period; exact fixed window unclear,AMBIGUOUS,Mean/SD,MODALITY_REVIEW_REQUIRED,CONTROL_TYPE_REVIEW_REQUIRED,Active EAS PC4/PC6,General-anesthesia control,µg sufentanil,20,20,115,6,134,5.9,,,HOLD,"Unresolved source statistic, denominator or timepoint.",EXISTING_RESULT_SPECIFIC: Some concerns,,https://drive.google.com/file/d/17faY_h0rMJTuhjPOC5PL_S59jYmHDPee/view?usp=drivesdk,Table 2 / total sufentanil,,,,,,1,,
V33-OD-0069,XIE14_EAS_vs_SHAM_PCADEMAND,Xie 2014,Postoperative opioid dose (native window/unit),Patient-controlled analgesia demand count,Study PCA period,study pca period,Mean/SD,MODALITY_REVIEW_REQUIRED,Sham,Active EAS PC4/PC6,Sham needling PC4/PC6,demands,20,20,16,3,43,3,,,INCLUDE,"Numerically extractable in its native endpoint/time/statistic; pooling still requires compatible stratum, comparator and independent-arm selection.",ROB2_RESULT_SPECIFIC_PENDING,,https://drive.google.com/file/d/17faY_h0rMJTuhjPOC5PL_S59jYmHDPee/view?usp=drivesdk,Table 2 / patient demand,,-27,0.948683,MD,Native MD; no pooled interpretation without compatible model.,1,-8.821192,1.035697
V33-OD-0070,XIE14_EAS_vs_SHAM_OPIOID24,Xie 2014,Postoperative opioid dose (native window/unit),Exact cumulative postoperative sufentanil,0-24 h,0-24h,Not reported,MODALITY_REVIEW_REQUIRED,Sham,Active EAS PC4/PC6,Sham needling PC4/PC6,µg sufentanil,20,20,,,,,,,NOT REPORTED,Accessed source does not supply the requested numerical result.,ROB2_RESULT_SPECIFIC_PENDING,,https://drive.google.com/file/d/17faY_h0rMJTuhjPOC5PL_S59jYmHDPee/view?usp=drivesdk,Exact 24-h endpoint absent,,,,,,1,,
V33-OD-0074,WU22_PTEAS_vs_CTRL_OPIOID24,Wu 2022,Postoperative opioid dose (native window/unit),Exact cumulative postoperative opioid consumption,0-24 h,0-24h,Not reported,TEAS,Sham,Perioperative pTEAS,No-current control,mg/µg,44,40,,,,,,,NOT REPORTED,Accessed source does not supply the requested numerical result.,ROB2_RESULT_SPECIFIC_PENDING,,https://drive.google.com/file/d/1XR_8qmeHR7ulwV7NaaI0CeYbpwKdc_ym/view?usp=drivesdk,Postoperative analgesia section,,,,,,1,,
V33-OD-0079,WU25_TEAS_vs_SHAM_OPIOID24,Wu 2025,Postoperative opioid dose (native window/unit),Exact postoperative opioid/MME consumption,0-24 h,0-24h,Not calculable,TEAS,Sham,PACU TEAS,Sham/no current,MME,50,50,,,,,,,HOLD,Nonstandard or incomplete statistic; no inferred quantities.,ROB2_RESULT_SPECIFIC_PENDING,,https://drive.google.com/file/d/1ZV6JFjevGSPqnISdX61KPdcC_yEtq3vf/view?usp=drivesdk,Postoperative rescue-analgesia section,,,,,,1,,
V33-OD-0084,WANG23_TEAS_vs_SHAM_OPIOID24,Wang 2023,Postoperative opioid dose (native window/unit),Exact cumulative postoperative opioid dose,0-24 h,0-24h,Not reported,TEAS,Sham,Nighttime TEAS,Sham/no current,mg/µg,40,43,,,,,,,NOT REPORTED,Accessed source does not supply the requested numerical result.,ROB2_RESULT_SPECIFIC_PENDING,,https://drive.google.com/file/d/177A4aH42GD90DhsvvtD-VOBSChBBpIWL/view?usp=drivesdk,Postoperative analgesia outcomes,,,,,,1,,
V33-OD-0093,WANG24_POSTOP_OPIOID24,Wang 2024,Postoperative opioid dose (native window/unit),Postoperative opioid consumption,0-24 h,0-24h,Not reported,TEAS,CONTROL_TYPE_REVIEW_REQUIRED,TEAS within risk strata,OD within risk strata,mg/µg,,,,,,,,,NOT REPORTED,Accessed source does not supply the requested numerical result.,ROB2_RESULT_SPECIFIC_PENDING,,https://drive.google.com/file/d/1U8tkq6mKFO0IkA2glfgLjN4Krwku3FZn/view?usp=drivesdk,Postoperative analgesia section,,,,,,1,,
V33-OD-0106,SUN17_POSTOP_OPIOID24,Sun 2017,Postoperative opioid dose (native window/unit),Postoperative opioid consumption,0-24 h,0-24h,Not applicable / not reported,TEAS,Sham,True TEAS timing arms,All-period sham TEAS,mg/µg,,,,,,,,,NOT REPORTED,Accessed source does not supply the requested numerical result.,ROB2_RESULT_SPECIFIC_PENDING,,https://drive.google.com/file/d/1lELlw0IpkhqoB8OuintAI22fxKfNEcEd/view?usp=drivesdk,Postoperative analgesia protocol,,,,,,1,,
V33-OD-0107,SIM02_PREOP_vs_PLACEBO_MORPH24,Sim 2002,Postoperative opioid dose (native window/unit),Cumulative postoperative IV PCA morphine,0-24 h,0-24h,Mean/SD,EA,Sham,Preoperative EA,Placebo EA,mg/kg morphine,30,30,0.52,0.19,0.68,0.38,,,INCLUDE,"Numerically extractable in its native endpoint/time/statistic; pooling still requires compatible stratum, comparator and independent-arm selection.",EXISTING_RESULT_SPECIFIC: Some concerns,,https://drive.google.com/file/d/1YsNHL-J3Kgfu8mCanRrNu_bHk_roj0w6/view?usp=drivesdk,Figure 4 / cumulative 24-h morphine,,-0.16,0.077567,MD,Native MD; no pooled interpretation without compatible model.,1,-0.525677,0.26262
V33-OD-0108,SIM02_POSTOP_vs_PLACEBO_MORPH24,Sim 2002,Postoperative opioid dose (native window/unit),Cumulative postoperative IV PCA morphine,0-24 h,0-24h,Mean/SD,EA,Sham,Postoperative EA,Placebo EA,mg/kg morphine,30,30,0.58,0.27,0.68,0.38,,,INCLUDE,"Numerically extractable in its native endpoint/time/statistic; pooling still requires compatible stratum, comparator and independent-arm selection.",EXISTING_RESULT_SPECIFIC: Some concerns,,https://drive.google.com/file/d/1YsNHL-J3Kgfu8mCanRrNu_bHk_roj0w6/view?usp=drivesdk,Figure 4 / cumulative 24-h morphine,,-0.1,0.085108,MD,Native MD; no pooled interpretation without compatible model.,1,-0.299439,0.259642
V33-OD-0109,SIM02_PREOP_vs_PLACEBO_MORPH6_12,Sim 2002,Postoperative opioid dose (native window/unit),Postoperative IV PCA morphine,6-12 h,6-12h,Median/IQR width as printed,EA,Sham,Preoperative EA,Placebo EA,mg/kg morphine,30,30,,,,,,,NARRATIVE ONLY,Median and original dispersion preserved; no mean/SD conversion or MD pooling.,ROB2_RESULT_SPECIFIC_PENDING,,https://drive.google.com/file/d/1YsNHL-J3Kgfu8mCanRrNu_bHk_roj0w6/view?usp=drivesdk,6-12-h morphine interval,,,,,,1,,
V33-OD-0111,NTRI14_EA_vs_SHAM_TRAMSUM,Ntritsou 2014,Postoperative opioid dose (native window/unit),Total tramadol exposure,Perioperative / first 24 h most consistent with protocol; table does not restate window,perioperative / first 24h most consistent with protocol; table does not restate window,Mean/SD,EA,Sham,Perioperative EA + tramadol/ketamine,Sham + tramadol/ketamine,mg tramadol,35,35,443.7,67.4,461.5,63.2,,,INCLUDE,"Numerically extractable in its native endpoint/time/statistic; pooling still requires compatible stratum, comparator and independent-arm selection.",EXISTING_RESULT_SPECIFIC: High,,https://drive.google.com/file/d/1u_kNuuXF8upB3gJA2aDq8NldYDfhnWy3/view?usp=drivesdk,Table 1 / tramadol sum,,-17.8,15.617755,MD,Native MD; no pooled interpretation without compatible model.,1,-0.269431,0.240128
V33-OD-0114,NTRI14_EA_vs_SHAM_MME24,Ntritsou 2014,Postoperative opioid dose (native window/unit),Complete 24-h opioid/MME exposure,0-24 h,0-24h,Not calculable,EA,Sham,Perioperative EA + tramadol/ketamine,Sham + tramadol/ketamine,MME,35,35,,,,,,,HOLD,Nonstandard or incomplete statistic; no inferred quantities.,ROB2_RESULT_SPECIFIC_PENDING,,https://drive.google.com/file/d/1u_kNuuXF8upB3gJA2aDq8NldYDfhnWy3/view?usp=drivesdk,Combined opioid exposure,,,,,,1,,
V33-OD-0119,NG13_EA_vs_SHAM_PETHCOUNT,Ng 2013,Postoperative opioid dose (native window/unit),Number of postoperative pethidine injections,Postoperative; exact window NR,postoperative; exact window nr,Mean/SD,EA,Sham,Electroacupuncture,Sham acupuncture,number of injections,55,55,2.7,2.3,5.2,4.7,,,INCLUDE,"Numerically extractable in its native endpoint/time/statistic; pooling still requires compatible stratum, comparator and independent-arm selection.",ROB2_RESULT_SPECIFIC_PENDING,,https://drive.google.com/file/d/1R1zCiyfWvuSp99Hi2U_K1__8kgdi90gd/view?usp=drivesdk,Analgesic requirement tables,,-2.5,0.705562,MD,Native MD; no pooled interpretation without compatible model.,1,-0.670973,0.195985
V33-OD-0120,NG13_EA_vs_SHAM_OPIOID24,Ng 2013,Postoperative opioid dose (native window/unit),Cumulative pethidine consumption,0-24 h,0-24h,Not reported,EA,Sham,Electroacupuncture,Sham acupuncture,mg pethidine,55,55,,,,,,,NOT REPORTED,Accessed source does not supply the requested numerical result.,ROB2_RESULT_SPECIFIC_PENDING,,https://drive.google.com/file/d/1R1zCiyfWvuSp99Hi2U_K1__8kgdi90gd/view?usp=drivesdk,Exact 24-h opioid endpoint absent,,,,,,1,,
V33-OD-0125,MA26_T_vs_S_OPIOID24,Ma 2026,Postoperative opioid dose (native window/unit),Cumulative postoperative opioid consumption,0-24 h,0-24h,Not reported,TEAS,CONTROL_TYPE_REVIEW_REQUIRED,Group T: sleep disturbance + preop TEAS,"Group S: sleep disturbance, no TEAS",mg/µg,17,16,,,,,,,NOT REPORTED,Accessed source does not supply the requested numerical result.,ROB2_RESULT_SPECIFIC_PENDING,,https://drive.google.com/file/d/1tMEOwvRWIMeEmBmKfeHEt7YF10yxslUe/view?usp=drivesdk,Postoperative analgesia section,,,,,,1,,
V33-OD-0132,LU21_POSTOP_OPIOID24,Lu 2021,Postoperative opioid dose (native window/unit),Cumulative postoperative sufentanil PCA consumption,0-24 h,0-24h,Not reported,TEAS,Sham,TEAS arms,Sham/no current,µg sufentanil,,,,,,,,,NOT REPORTED,Accessed source does not supply the requested numerical result.,ROB2_RESULT_SPECIFIC_PENDING,,https://drive.google.com/file/d/1MgD_OucfiyNEDdDe3osh8W01U1yYZs08/view?usp=drivesdk,Postoperative PCA section,,,,,,1,,
V33-OD-0138,LU22_TEAS_vs_CTRL_OPIOID24,Lu 2022,Postoperative opioid dose (native window/unit),Exact cumulative PCA opioid consumption,0-24 h,0-24h,Not reported,TEAS,Sham,TEAS + ERAS,No-current control + ERAS,mg/µg,47,47,,,,,,,NOT REPORTED,Accessed source does not supply the requested numerical result.,ROB2_RESULT_SPECIFIC_PENDING,,https://drive.google.com/file/d/12Y86huNMuLC8cPH-L2vwlEd7r1X1Qela/view?usp=drivesdk,Postoperative PCA section,,,,,,1,,
V33-OD-0143,LUO26_TEAS_vs_SHAM_OPIOIDEQUIV,Luo 2026,Postoperative opioid dose (native window/unit),Published 'sufentanil equivalents' metric,Perioperative,perioperative,Mean/SD,TEAS,Sham,Intraoperative PC6 TEAS + standard antiemetics,Sham/no current + standard antiemetics,published as mg; definition/unit unresolved,138,139,15.86,5.11,15.18,4.95,,,INCLUDE,"Numerically extractable in its native endpoint/time/statistic; pooling still requires compatible stratum, comparator and independent-arm selection.",ROB2_RESULT_SPECIFIC_PENDING,,https://drive.google.com/file/d/1xxZle6mPpcnmHLblJbsy1kA4CyQHpvm2/view?usp=drivesdk,Table 1 / perioperative opioid metric,,0.68,0.604562,MD,Native MD; no pooled interpretation without compatible model.,1,0.134811,0.120306
V33-OD-0144,LUO26_TEAS_vs_SHAM_OPIOID24,Luo 2026,Postoperative opioid dose (native window/unit),Cumulative postoperative oxycodone consumption,0-24 h,0-24h,Not reported,TEAS,Sham,Intraoperative PC6 TEAS + standard antiemetics,Sham/no current + standard antiemetics,mg oxycodone,138,139,,,,,,,NOT REPORTED,Accessed source does not supply the requested numerical result.,ROB2_RESULT_SPECIFIC_PENDING,,https://drive.google.com/file/d/1xxZle6mPpcnmHLblJbsy1kA4CyQHpvm2/view?usp=drivesdk,Postoperative analgesia / exact 24-h endpoint absent,,,,,,1,,
V33-OD-0151,LONG25_TEAS_vs_CTRL_OPIOID24,Long 2025,Postoperative opioid dose (native window/unit),Exact cumulative postoperative sufentanil consumption,0-24 h,0-24h,Not reported,EA,Sham,Perioperative electrical acupoint stimulation,Electrodes/no current,µg sufentanil,27,26,,,,,,,NOT REPORTED,Accessed source does not supply the requested numerical result.,ROB2_RESULT_SPECIFIC_PENDING,,https://drive.google.com/file/d/1LDqtQLq9-kZLP0Vv_G3iiK8QKjy4pRXP/view?usp=drivesdk,Exact 24-h opioid endpoint absent,,,,,,1,,
V33-OD-0156,LI21_TEAS_vs_SHAM_OPIOID24,Li 2021,Postoperative opioid dose (native window/unit),Cumulative postoperative sufentanil consumption,0-24 h,0-24h,Not reported,TEAS,Sham,Perioperative TEAS,Sham-point/no current,published pump formulation says 250 mg sufentanil/250 mL,140,140,,,,,,,NOT REPORTED,Accessed source does not supply the requested numerical result.,ROB2_RESULT_SPECIFIC_PENDING,,https://drive.google.com/file/d/1NvcLlsb17N6EMhtHs_L_WBnf40wsrtRz/view?usp=drivesdk,Postoperative analgesia pump / exact 24-h endpoint absent,,,,,,1,,
V33-OD-0161,LIU26ESD_TEAS_vs_SHAM_MORPH24,Liu 2026 (ESD),Postoperative opioid dose (native window/unit),Cumulative postoperative morphine consumption,0-24 h,0-24h,Not reported,TEAS,Sham,Perioperative TEAS,Sham-point/no current,mg IV morphine,58,62,,,,,,,NOT REPORTED,Accessed source does not supply the requested numerical result.,ROB2_RESULT_SPECIFIC_PENDING,,https://drive.google.com/file/d/1Hp7pCBP8iXkGGYVhlFY0BHTeaaM7bhdY/view?usp=drivesdk,Exact 24-h opioid dose absent,,,,,,1,,
V33-OD-0166,LIU21_TEAS_vs_CTRL_OPIOID24,Liu 2021,Postoperative opioid dose (native window/unit),Cumulative postoperative sufentanil consumption,0-24 h,0-24h,Not calculable,TEAS,Sham,Perioperative TEAS,Electrodes/no current,published formulation 0.15 µg/kg in 100 mL,50,50,,,,,,,HOLD,Nonstandard or incomplete statistic; no inferred quantities.,ROB2_RESULT_SPECIFIC_PENDING,,https://drive.google.com/file/d/1TA4BstaUWY3EdQbDNEvvGxF35ekGanrm/view?usp=drivesdk,Postoperative PCIA section,,,,,,1,,
V33-OD-0171,LIU26BURN_TEAS_vs_SHAM_OPIOID24,Liu 2026 (burn),Postoperative opioid dose (native window/unit),Complete postoperative opioid/MME exposure,0-24 h,0-24h,Not calculable,TEAS,Sham,Pre-induction TEAS,Placebo/sham TEAS,sufentanil + butorphanol PCIA; rescue dezocine,43,43,,,,,,,HOLD,Nonstandard or incomplete statistic; no inferred quantities.,ROB2_RESULT_SPECIFIC_PENDING,,https://drive.google.com/file/d/1mvekGtHD2JAKCRbIXrvLw1Nz7hbQ1dZ3/view?usp=drivesdk,Postoperative PCIA section,,,,,,1,,
V33-OD-0175,LIU25_EA_vs_CTRL_OPIOID24,Liu 2025,Postoperative opioid dose (native window/unit),Exact cumulative postoperative opioid consumption,0-24 h,0-24h,Not reported,EA,Sham,Perioperative electroacupuncture,Control/sham procedure,mg/µg,38,39,,,,,,,NOT REPORTED,Accessed source does not supply the requested numerical result.,ROB2_RESULT_SPECIFIC_PENDING,,https://drive.google.com/file/d/1SHBSKFaeE4G3PXTGVMm7TR8L0H9EgtsD/view?usp=drivesdk,Exact 24-h opioid endpoint absent,,,,,,1,,
V33-OD-0178,LI22_EA_vs_SHAM_OPIOID24,Li 2022,Postoperative opioid dose (native window/unit),Exact cumulative postoperative opioid consumption,0-24 h,0-24h,Not reported,EA,Sham,Preoperative electroacupuncture,Sham electroacupuncture,mg/µg,39,40,,,,,,,NOT REPORTED,Accessed source does not supply the requested numerical result.,ROB2_RESULT_SPECIFIC_PENDING,,https://drive.google.com/file/d/1rQTrwnCvj72poJrGGvYjpxSZXvUhSD0u/view?usp=drivesdk,Exact 24-h opioid endpoint absent,,,,,,1,,
V33-OD-0183,LIANG21_TEAS_vs_CTRL_OPIOID24,Liang 2021,Postoperative opioid dose (native window/unit),Exact cumulative postoperative opioid consumption,0-24 h,0-24h,Not reported,TEAS,Sham,Preoperative TEAS,Control/no stimulation,mg/µg,35,35,,,,,,,NOT REPORTED,Accessed source does not supply the requested numerical result.,ROB2_RESULT_SPECIFIC_PENDING,,https://drive.google.com/file/d/1guriAcqNbJNXpfd_UjYwevULLVSeiHXS/view?usp=drivesdk,Exact 24-h opioid endpoint absent,,,,,,1,,
V33-OD-0184,LEE11_LOW_vs_SHAM_MORPH24,Lee 2011,Postoperative opioid dose (native window/unit),Cumulative IV PCA morphine delivered,First 24 postoperative hours,first 24 postoperative hours,Mean/SD,MODALITY_REVIEW_REQUIRED,Sham,Low-frequency dense-sparse SSP,Sham SSP,mg IV morphine,10,12,29.29,8.89,34.2,6.4,,,INCLUDE,"Numerically extractable in its native endpoint/time/statistic; pooling still requires compatible stratum, comparator and independent-arm selection.",EXISTING_RESULT_SPECIFIC: Some concerns,,https://drive.google.com/file/d/1kQDSBtx3OpFOsim5oUMwhpfHOqaMy8Q9/view?usp=drivesdk,Table 8 / total morphine delivered,,-4.91,3.364007,MD,Native MD; no pooled interpretation without compatible model.,1,-0.619738,0.438249
V33-OD-0185,LEE11_HIGH_vs_SHAM_MORPH24,Lee 2011,Postoperative opioid dose (native window/unit),Cumulative IV PCA morphine delivered,First 24 postoperative hours,first 24 postoperative hours,Mean/SD,MODALITY_REVIEW_REQUIRED,Sham,100-Hz SSP,Sham SSP,mg IV morphine,12,12,31.14,8.15,34.2,6.4,,,INCLUDE,"Numerically extractable in its native endpoint/time/statistic; pooling still requires compatible stratum, comparator and independent-arm selection.",EXISTING_RESULT_SPECIFIC: Some concerns,,https://drive.google.com/file/d/1kQDSBtx3OpFOsim5oUMwhpfHOqaMy8Q9/view?usp=drivesdk,Table 8 / total morphine delivered,,-3.06,2.991411,MD,Native MD; no pooled interpretation without compatible model.,1,-0.403209,0.412376
V33-OD-0186,LEE11_LOW_vs_CONTROL_MORPH24,Lee 2011,Postoperative opioid dose (native window/unit),Cumulative IV PCA morphine delivered,First 24 postoperative hours,first 24 postoperative hours,Mean/SD,MODALITY_REVIEW_REQUIRED,CONTROL_TYPE_REVIEW_REQUIRED,Low-frequency dense-sparse SSP,Untreated control,mg IV morphine,10,13,29.29,8.89,38.63,11.08,,,INCLUDE,"Numerically extractable in its native endpoint/time/statistic; pooling still requires compatible stratum, comparator and independent-arm selection.",EXISTING_RESULT_SPECIFIC: Some concerns,,https://drive.google.com/file/d/1kQDSBtx3OpFOsim5oUMwhpfHOqaMy8Q9/view?usp=drivesdk,Table 8 / total morphine delivered,,-9.34,4.164946,MD,Native MD; no pooled interpretation without compatible model.,1,-0.882661,0.440295
V33-OD-0192,JIN23_OPIOID24_MASS,Jin 2023,Postoperative opioid dose (native window/unit),Exact cumulative fentanyl mass / MME,0-24 h,0-24h,Not calculable,EA,Sham,Active EA arms,Sham nonpenetrating EA/no current,µg fentanyl / MME,,,,,,,,,HOLD,Nonstandard or incomplete statistic; no inferred quantities.,ROB2_RESULT_SPECIFIC_PENDING,,https://drive.google.com/file/d/1fkNAFra0gZ9jkWkzp_S0TWy-5zVrXCtj/view?usp=drivesdk,PCIA formulation absent from main article,,,,,,1,,
V33-OD-0197,JIANG26_TEAS_vs_SHAM_OPIOID24,Jiang 2026,Postoperative opioid dose (native window/unit),Exact cumulative postoperative opioid consumption,0-24 h,0-24h,Not reported,TEAS,Sham,Perioperative TEAS,Sham/no current,mg/µg,294,293,,,,,,,NOT REPORTED,Accessed source does not supply the requested numerical result.,ROB2_RESULT_SPECIFIC_PENDING,,https://drive.google.com/file/d/1nujlP9A_IMWUfd3HdCD2rOxTc9-I8v92/view?usp=drivesdk,Postoperative analgesia section,,,,,,1,,
V33-OD-0200,HUANG25_EA_vs_UC_OPIOID24,Huang 2025,Postoperative opioid dose (native window/unit),Exact cumulative postoperative opioid consumption,0-24 h,0-24h,Not reported,EA,Usual care,Postoperative EA + ERAS,ERAS/standard care,mg/µg,43,45,,,,,,,NOT REPORTED,Accessed source does not supply the requested numerical result.,ROB2_RESULT_SPECIFIC_PENDING,,https://drive.google.com/file/d/1VnJCbIPz8Uy1kXYCTKk7l9Zqj-rTECrY/view?usp=drivesdk,Postoperative analgesia section,,,,,,1,,
V33-OD-0203,HUANG24_CONTRA_vs_SHAM_PCA_D2,Huang 2024,Postoperative opioid dose (native window/unit),Additional PCA dose/release,"POD2; 24 h after first EA session, not necessarily 24 h after surgery","pod2; 24h after first ea session, not necessarily 24h after surgery",Median/IQR,EA,Sham,Contralateral EA,Bilateral sham EA,source unit not reported,38,38,,,,,,,NARRATIVE ONLY,Median and original dispersion preserved; no mean/SD conversion or MD pooling.,ROB2_RESULT_SPECIFIC_PENDING,,https://drive.google.com/file/d/1z-76QoxqmtMRV32wOpem7jAyDnuD6fb8/view?usp=drivesdk,Primary PCA outcome / POD2,,,,,,1,,
V33-OD-0204,HUANG24_OPIOID24,Huang 2024,Postoperative opioid dose (native window/unit),Exact cumulative postoperative opioid dose,0-24 h,0-24h,Not calculable,EA,Sham,True-EA arms,Bilateral sham EA,MME,38,38,,,,,,,HOLD,Nonstandard or incomplete statistic; no inferred quantities.,ROB2_RESULT_SPECIFIC_PENDING,,https://drive.google.com/file/d/1z-76QoxqmtMRV32wOpem7jAyDnuD6fb8/view?usp=drivesdk,PCA regimen incomplete,,,,,,1,,
V33-OD-0208,HOU23_TEAS_vs_SHAM_OPIOID24,Hou 2023,Postoperative opioid dose (native window/unit),Actual total postoperative sufentanil consumption,0-24 h,0-24h,Not reported,TEAS,Sham,Perioperative TEAS,Sham/no-current TEAS,µg sufentanil,36,36,,,,,,,NOT REPORTED,Accessed source does not supply the requested numerical result.,ROB2_RESULT_SPECIFIC_PENDING,,https://drive.google.com/file/d/161WdTRehgwvDHvQ8OkRf8U9TbUmVQgaR/view?usp=drivesdk,PCIA regimen / consumption absent,,,,,,1,,
V33-OD-0212,HUANG17_POSTOP_SUF_AGG,Huang 2017,Postoperative opioid dose (native window/unit),Published postoperative sufentanil aggregate,Observation window unclear,AMBIGUOUS,Mean/SD,TEAS,Sham,2/100-Hz TEAS,Placebo TEAS/no current,µg/kg sufentanil,20,20,1.67,0.59,1.32,0.48,,,HOLD,"Unresolved source statistic, denominator or timepoint.",ROB2_RESULT_SPECIFIC_PENDING,,https://drive.google.com/file/d/1RJGi1PYvw75qVW9UK8CBtJPH4G035ASs/view?usp=drivesdk,Table 5 / postoperative analgesic consumption,,,,,,1,,
V33-OD-0213,HUANG17_OPIOID24,Huang 2017,Postoperative opioid dose (native window/unit),Exact cumulative postoperative sufentanil consumption,0-24 h,0-24h,Not reported,TEAS,Sham,Active TEAS frequency arms,Placebo TEAS/no current,µg/kg sufentanil,20,20,,,,,,,NOT REPORTED,Accessed source does not supply the requested numerical result.,ROB2_RESULT_SPECIFIC_PENDING,,https://drive.google.com/file/d/1RJGi1PYvw75qVW9UK8CBtJPH4G035ASs/view?usp=drivesdk,Exact 24-h postoperative endpoint absent,,,,,,1,,
V33-OD-0214,HEJIS26_TEAS_vs_CTRL_MME24,He 2026 (hepatectomy/JIS),Postoperative opioid dose (native window/unit),Total postoperative opioid consumption in morphine equivalents,0-24 h,cumulative 0–24 h (locked primary source adjudication),Mean/SD,TEAS,Sham,Intraoperative PC6 TEAS,No-current PC6 control,mg MME,80,79,20,2.5,20.6,4.5,,,INCLUDE,Locked strict primary result; prespecified source adjudication and conversions retained.,EXISTING_LOCKED_PRIMARY: Some concerns,,https://drive.google.com/file/d/1VgOxIOrGe7ZVevkKEVP7G-0V1DXPU0Gf/view?usp=drivesdk,"Supplemental Material 2, eTable 1",,-0.6,0.57832,MD,Native MD; no pooled interpretation without compatible model.,1,-0.164321,0.158881
V33-OD-0234,GUO23_OPIOID24,Guo 2023,Postoperative opioid dose (native window/unit),Actual postoperative sufentanil consumption,0-24 h,0-24h,Not reported,TEAS,Sham,Perioperative TEAS,Sham/no-current TEAS,µg sufentanil,55,55,,,,,,,NOT REPORTED,Accessed source does not supply the requested numerical result.,ROB2_RESULT_SPECIFIC_PENDING,,https://drive.google.com/file/d/1Idfl7rfZhgAUJHDpsmgzp17ADiGvrU8C/view?usp=drivesdk,Postoperative PCIA section,,,,,,1,,
V33-OD-0236,GRECH16_EA_vs_CTRL_OPIOID24,Grech 2016,Postoperative opioid dose (native window/unit),Exact cumulative 24-h postoperative morphine-equivalent consumption,0-24 h,0-24h,Not reported,EA,Sham,Intraoperative low-frequency EA,Sham/control,mg morphine-equivalent,,,,,,,,,NOT REPORTED,Accessed source does not supply the requested numerical result.,ROB2_RESULT_SPECIFIC_PENDING,,https://drive.google.com/file/d/1U3KShiAZKL8n9hxSpBkhuhuQHW2EN-IY/view?usp=drivesdk,Postoperative analgesic figures,,,,,,1,,
V33-OD-0242,GAO21_OPIOID24,Gao 2021,Postoperative opioid dose (native window/unit),Exact cumulative postoperative opioid consumption,0-24 h,0-24h,Not reported,TEAS,Sham,Postoperative TEAS,Sham/no-current TEAS,mg/µg,303,307,,,,,,,NOT REPORTED,Accessed source does not supply the requested numerical result.,ROB2_RESULT_SPECIFIC_PENDING,,https://drive.google.com/file/d/1QbM6CNi8KfBXmMTqG1ASm3hK05cz_hKQ/view?usp=drivesdk,Postoperative analgesia section,,,,,,1,,
V33-OD-0243,YEH10_AES_vs_SHAM_MORPH24,Yeh 2010,Postoperative opioid dose (native window/unit),24-h morphine PCA dose,First 24 postoperative hours,first 24 postoperative hours,Mean/SD,MODALITY_REVIEW_REQUIRED,Sham,True-acupoint AES,Electrical sham/nonmeridian AES,mg morphine; source explicitly calls PCA epidural,33,30,18.6,9.7,21.6,13.1,,,DUPLICATE HOLD,"Historical possible overlapping publication family; retain evidence, exclude independent pooling.",EXISTING_RESULT_SPECIFIC: Some concerns,,https://drive.google.com/file/d/1a1s31PQPWGnaVkYUtNUxO22F3QFTcwmi/view?usp=drivesdk,Table 4 / 24-h opiate dose,,,,,,1,,
V33-OD-0244,YEH10_AES_vs_CONTROL_MORPH24,Yeh 2010,Postoperative opioid dose (native window/unit),24-h morphine PCA dose,First 24 postoperative hours,first 24 postoperative hours,Mean/SD,MODALITY_REVIEW_REQUIRED,CONTROL_TYPE_REVIEW_REQUIRED,True-acupoint AES,No-AES control,mg morphine; source explicitly calls PCA epidural,33,31,18.6,9.7,27.2,12.5,,,DUPLICATE HOLD,"Historical possible overlapping publication family; retain evidence, exclude independent pooling.",EXISTING_RESULT_SPECIFIC: Some concerns,,https://drive.google.com/file/d/1a1s31PQPWGnaVkYUtNUxO22F3QFTcwmi/view?usp=drivesdk,Table 4 / 24-h opiate dose,,,,,,1,,
V33-OD-0245,YEH11_AES_vs_SHAM_MORPH24,Yeh 2011,Postoperative opioid dose (native window/unit),24-h IV morphine PCA dose,First 24 postoperative hours,first 24 postoperative hours,Mean/SD,MODALITY_REVIEW_REQUIRED,Sham,True-acupoint AES,Electrical sham/nonacupoint AES,mg IV morphine,30,30,19.3,9.7,21.6,13.1,,,DUPLICATE HOLD,"Historical possible overlapping publication family; retain evidence, exclude independent pooling.",EXISTING_RESULT_SPECIFIC: Some concerns,,https://drive.google.com/file/d/1ZJ60ZvJ5Q7sRu1iptK_tLLfBXxZZ_Hwl/view?usp=drivesdk,Table 3 / 24-h opiate dose,,,,,,1,,
V33-OD-0246,YEH11_AES_vs_CONTROL_MORPH24,Yeh 2011,Postoperative opioid dose (native window/unit),24-h IV morphine PCA dose,First 24 postoperative hours,first 24 postoperative hours,Mean/SD,MODALITY_REVIEW_REQUIRED,CONTROL_TYPE_REVIEW_REQUIRED,True-acupoint AES,No-AES control,mg IV morphine,30,30,19.3,9.7,28,12.1,,,DUPLICATE HOLD,"Historical possible overlapping publication family; retain evidence, exclude independent pooling.",EXISTING_RESULT_SPECIFIC: Some concerns,,https://drive.google.com/file/d/1ZJ60ZvJ5Q7sRu1iptK_tLLfBXxZZ_Hwl/view?usp=drivesdk,Table 3 / 24-h opiate dose,,,,,,1,,
V33-OD-0247,WONG06_EA_vs_SHAM_MORPHD0,Wong 2006,Postoperative opioid dose (native window/unit),IV PCA morphine consumption,Day 0,day 0,Mean/SD,EA,Sham,Postoperative electroacupuncture,Nonpenetrating sham acupuncture,mg IV morphine,13,12,8.3,4.9,7.8,6.4,,,INCLUDE,"Numerically extractable in its native endpoint/time/statistic; pooling still requires compatible stratum, comparator and independent-arm selection.",ROB2_RESULT_SPECIFIC_PENDING,,https://drive.google.com/file/d/1-XmRdgXyZmOmKIDRhL80sxha5M2P00jd/view?usp=drivesdk,Table 2 / postoperative PCA morphine,,0.5,2.293525,MD,Native MD; no pooled interpretation without compatible model.,1,0.085319,0.400502
V33-OD-0248,WONG06_EA_vs_SHAM_MORPHD1,Wong 2006,Postoperative opioid dose (native window/unit),IV PCA morphine consumption,Day 1,day 1,Mean/SD,EA,Sham,Postoperative electroacupuncture,Nonpenetrating sham acupuncture,mg IV morphine,13,12,18,8.8,18.8,9.8,,,INCLUDE,"Numerically extractable in its native endpoint/time/statistic; pooling still requires compatible stratum, comparator and independent-arm selection.",ROB2_RESULT_SPECIFIC_PENDING,,https://drive.google.com/file/d/1-XmRdgXyZmOmKIDRhL80sxha5M2P00jd/view?usp=drivesdk,Table 2 / postoperative PCA morphine,,-0.8,3.736343,MD,Native MD; no pooled interpretation without compatible model.,1,-0.08326,0.400494
V33-OD-0249,WONG06_EA_vs_SHAM_MORPHD2,Wong 2006,Postoperative opioid dose (native window/unit),IV PCA morphine consumption,Day 2,day 2,Mean/SD,EA,Sham,Postoperative electroacupuncture,Nonpenetrating sham acupuncture,mg IV morphine,13,12,7.5,5,15.7,12,,,INCLUDE,"Numerically extractable in its native endpoint/time/statistic; pooling still requires compatible stratum, comparator and independent-arm selection.",ROB2_RESULT_SPECIFIC_PENDING,,https://drive.google.com/file/d/1-XmRdgXyZmOmKIDRhL80sxha5M2P00jd/view?usp=drivesdk,Table 2 / postoperative PCA morphine,,-8.2,3.731364,MD,Native MD; no pooled interpretation without compatible model.,1,-0.87615,0.419058
V33-OD-0250,WONG06_EA_vs_SHAM_MORPHTOTAL,Wong 2006,Postoperative opioid dose (native window/unit),IV PCA morphine consumption,First 3 postoperative days total,first 3 postoperative days total,Mean/SD,EA,Sham,Postoperative electroacupuncture,Nonpenetrating sham acupuncture,mg IV morphine,13,12,33.9,12.8,42.3,21.3,,,INCLUDE,"Numerically extractable in its native endpoint/time/statistic; pooling still requires compatible stratum, comparator and independent-arm selection.",ROB2_RESULT_SPECIFIC_PENDING,,https://drive.google.com/file/d/1-XmRdgXyZmOmKIDRhL80sxha5M2P00jd/view?usp=drivesdk,Table 2 / postoperative PCA morphine,,-8.4,7.100041,MD,Native MD; no pooled interpretation without compatible model.,1,-0.467072,0.405733
V33-OD-0251,WONG06_EA_vs_SHAM_OPIOID24,Wong 2006,Postoperative opioid dose (native window/unit),Exact total opioid exposure,0-24 h,0-24h,Not reported,EA,Sham,Postoperative electroacupuncture,Nonpenetrating sham acupuncture,mg MME,13,12,,,,,,,NOT REPORTED,Accessed source does not supply the requested numerical result.,ROB2_RESULT_SPECIFIC_PENDING,,https://drive.google.com/file/d/1-XmRdgXyZmOmKIDRhL80sxha5M2P00jd/view?usp=drivesdk,Timing/analgesia protocol,,,,,,1,,
V33-OD-0252,ELR09_EA_vs_CTRL_MORPH24,El-Rakshy 2009,Postoperative opioid dose (native window/unit),Total IV morphine analgesia,First 24 h,cumulative 0–24 h (locked primary source adjudication),Mean/SD,EA,Usual care,Intraoperative EA + PCA,PCA alone/no acupuncture,mg IV morphine,42,53,35.3,18,36.9,18,,,INCLUDE,Locked strict primary result; prespecified source adjudication and conversions retained.,EXISTING_LOCKED_PRIMARY: High,,https://drive.google.com/file/d/12AfIox-MgnMU15U-mdvZgaTKnukXKvAR/view?usp=drivesdk,Table 2 / total analgesia in 24 h,,-1.6,3.718534,MD,Native MD; no pooled interpretation without compatible model.,1,-0.08817,0.206684
V33-OD-0253,ELR09_EA_vs_CTRL_MORPH4,El-Rakshy 2009,Postoperative opioid dose (native window/unit),Total IV morphine analgesia,First 4 h,first 4h,Mean/SD,EA,Usual care,Intraoperative EA + PCA,PCA alone/no acupuncture,mg IV morphine,40,53,13.4,7.5,13.2,8.6,,,INCLUDE,"Numerically extractable in its native endpoint/time/statistic; pooling still requires compatible stratum, comparator and independent-arm selection.",EXISTING_RESULT_SPECIFIC: High,,https://drive.google.com/file/d/12AfIox-MgnMU15U-mdvZgaTKnukXKvAR/view?usp=drivesdk,Table 2 / first 4 h,,0.2,1.673834,MD,Native MD; no pooled interpretation without compatible model.,1,0.024347,0.209454
V33-OD-0254,AN14_EA_vs_CTRL_FENT48,An 2014,Postoperative opioid dose (native window/unit),Total postoperative fentanyl PCIA dose,Through reported 48-h PCIA period,through reported 48-h pcia period,Mean/SD,EA,Usual care,Intraoperative electroacupuncture,No acupuncture control,mg fentanyl,41,40,0.67,0.09,0.73,0.12,,,INCLUDE,"Numerically extractable in its native endpoint/time/statistic; pooling still requires compatible stratum, comparator and independent-arm selection.",EXISTING_RESULT_SPECIFIC: High,,https://drive.google.com/file/d/1Ygu3g28udKuPe0OS95oge2ryIGNeJ0te/view?usp=drivesdk,Opioid/PCIA results,,-0.06,0.023613,MD,Native MD; no pooled interpretation without compatible model.,1,-0.561294,0.226572
V33-OD-0255,AN14_EA_vs_CTRL_OPIOID24,An 2014,Postoperative opioid dose (native window/unit),Exact cumulative postoperative fentanyl,0-24 h,0-24h,Not reported,EA,Usual care,Intraoperative electroacupuncture,No acupuncture control,mg/µg fentanyl,41,40,,,,,,,NOT REPORTED,Accessed source does not supply the requested numerical result.,ROB2_RESULT_SPECIFIC_PENDING,,https://drive.google.com/file/d/1Ygu3g28udKuPe0OS95oge2ryIGNeJ0te/view?usp=drivesdk,PCIA results,,,,,,1,,
V33-OD-0260,CHEN15H_TEAS_vs_SHAM_SUFKG24,Chen 2015 (Hyperalgesia),Postoperative opioid dose (native window/unit),Derived cumulative sufentanil dose from fixed 0.05 µg/kg bolus,0-24 h,0-24h,Median/IQR,TEAS,Sham,Preoperative TEAS,Electrodes/no-current sham,µg/kg sufentanil,29,30,,,,,,,NARRATIVE ONLY,Median and original dispersion preserved; no mean/SD conversion or MD pooling.,ROB2_RESULT_SPECIFIC_PENDING,,https://drive.google.com/file/d/13YKAZZsc2VQEPqkw1Ye40BYDZSRpI6N3/view?usp=drivesdk,PCIA protocol + Table 2,,,,,,1,,
V33-OD-0263,WU16_TAES_vs_ACTIVE_OPIOID24,Wu 2016,Postoperative opioid dose (native window/unit),Exact cumulative postoperative opioid/tramadol consumption,0-24 h,0-24h,Not reported,MODALITY_REVIEW_REQUIRED,CONTROL_TYPE_REVIEW_REQUIRED,Perioperative true-acupoint TAES (LI4/PC6/SI3/SJ6),Active nonacupoint electrical stimulation (identical 2/100-Hz current),mg tramadol (IV rescue),27,27,,,,,,,NOT REPORTED,Accessed source does not supply the requested numerical result.,ROB2_RESULT_SPECIFIC_PENDING,,https://drive.google.com/file/d/1CXkJN0GF45qOQtRcL7EbgmbypBrNnmri/view?usp=drivesdk,Pain measurement / rescue analgesia methods and results,,,,,,1,,
V33-OD-0264,WU16_TAES_vs_UC_OPIOID24,Wu 2016,Postoperative opioid dose (native window/unit),Exact cumulative postoperative opioid/tramadol consumption,0-24 h,0-24h,Not reported,MODALITY_REVIEW_REQUIRED,CONTROL_TYPE_REVIEW_REQUIRED,Perioperative true-acupoint TAES (LI4/PC6/SI3/SJ6),No-TAES thoracotomy control,mg tramadol (IV rescue),27,27,,,,,,,NOT REPORTED,Accessed source does not supply the requested numerical result.,ROB2_RESULT_SPECIFIC_PENDING,,https://drive.google.com/file/d/1CXkJN0GF45qOQtRcL7EbgmbypBrNnmri/view?usp=drivesdk,Pain measurement / rescue analgesia methods and results,,,,,,1,,
V33-OD-0274,GAO22_TEAS_vs_SHAM_SUFPUMP24,Gao 2022,Postoperative opioid dose (native window/unit),Cumulative postoperative sufentanil delivered by analgesic pump,0-24 h,0-24h,Median/IQR,TEAS,Sham,"Postoperative TEAS at bilateral P6/ST36 (2/10 Hz, 30 min ×2)",No-current sham with identical electrode/device setup,µg sufentanil,827,828,,,,,,,NARRATIVE ONLY,Median and original dispersion preserved; no mean/SD conversion or MD pooling.,EXISTING_RESULT_SPECIFIC: Some concerns,,https://drive.google.com/file/d/1_DV8ZFHIZwC_SnRMP3IokKfeEs6QzD0S/view?usp=drivesdk,"Table 2 / 24 h analgesic pump, µg",,,,,,1,,
V33-OD-0281,LIU15_TEAS_vs_SHAM_OPIOID24,Liu 2015,Postoperative opioid dose (native window/unit),Exact cumulative postoperative sufentanil PCIA consumption,0-24 h,0-24h,Not reported,TEAS,Sham,Multipoint intraoperative TEAS (2/100 Hz; 30 min pre-induction through end of surgery),No-current sham TEAS with identical electrode placement/device setup,µg sufentanil,44,44,,,,,,,NOT REPORTED,Accessed source does not supply the requested numerical result.,ROB2_RESULT_SPECIFIC_PENDING,,https://drive.google.com/file/d/1R0ueeZhpBPbKOmqRfRyFTsqp7qq7ftqp/view?usp=drivesdk,Postoperative analgesia methods; no cumulative 0-24 h dose in results,,,,,,1,,
V33-OD-0299,OZT19_TAES_vs_CTRL_TRAM24,Oztas 2019,Postoperative opioid dose (native window/unit),Cumulative IV PCA tramadol HCl consumption,0-24 h,0-24h,Mean/SD,MODALITY_REVIEW_REQUIRED,Usual care,"Postoperative TAES at ST25, P6, ST36 and LI4 (2–100 Hz; max 12 mA; 30 min ×6)",No electrical-stimulation intervention + standard PCA analgesia,mg tramadol,15,16,228.4,87.89,357.81,123.7,,,INCLUDE,"Numerically extractable in its native endpoint/time/statistic; pooling still requires compatible stratum, comparator and independent-arm selection.",EXISTING_RESULT_SPECIFIC: High,,https://drive.google.com/file/d/1Zb2RyfK6pYLEOMyE6TOLMt9I0nxZYoYe/view?usp=drivesdk,Table 4 / Tramadol HCl (0–24 h),,-129.41,38.357951,MD,Native MD; no pooled interpretation without compatible model.,1,-1.167994,0.388806
V33-OD-0300,OZT19_TAES_vs_TENS_TRAM24,Oztas 2019,Postoperative opioid dose (native window/unit),Cumulative IV PCA tramadol HCl consumption,0-24 h,0-24h,Mean/SD,MODALITY_REVIEW_REQUIRED,CONTROL_TYPE_REVIEW_REQUIRED,"Postoperative TAES at ST25, P6, ST36 and LI4 (2–100 Hz; max 12 mA; 30 min ×6)",Incision-periphery TENS (2–100 Hz; max 12 mA; 30 min ×6),mg tramadol,15,16,228.4,87.89,257.68,65.55,,,INCLUDE,"Numerically extractable in its native endpoint/time/statistic; pooling still requires compatible stratum, comparator and independent-arm selection.",ROB2_RESULT_SPECIFIC_PENDING,,https://drive.google.com/file/d/1Zb2RyfK6pYLEOMyE6TOLMt9I0nxZYoYe/view?usp=drivesdk,Table 4 / Tramadol HCl (0–24 h),,-29.28,27.991552,MD,Native MD; no pooled interpretation without compatible model.,1,-0.369635,0.362451
V33-OD-0301,OZT19_TAES_vs_CTRL_TRAM48,Oztas 2019,Postoperative opioid dose (native window/unit),Cumulative IV PCA tramadol HCl consumption,24-48 h,24-48h,Mean/SD,MODALITY_REVIEW_REQUIRED,Usual care,"Postoperative TAES at ST25, P6, ST36 and LI4 (2–100 Hz; max 12 mA; 30 min ×6)",No electrical-stimulation intervention + standard PCA analgesia,mg tramadol,15,16,164.46,61.31,265.65,96.71,,,INCLUDE,"Numerically extractable in its native endpoint/time/statistic; pooling still requires compatible stratum, comparator and independent-arm selection.",ROB2_RESULT_SPECIFIC_PENDING,,https://drive.google.com/file/d/1Zb2RyfK6pYLEOMyE6TOLMt9I0nxZYoYe/view?usp=drivesdk,Table 4 / Tramadol HCl (24–48 h),,-101.19,28.898891,MD,Native MD; no pooled interpretation without compatible model.,1,-1.20829,0.390787
V33-OD-0302,OZT19_TAES_vs_TENS_TRAM48,Oztas 2019,Postoperative opioid dose (native window/unit),Cumulative IV PCA tramadol HCl consumption,24-48 h,24-48h,Mean/SD,MODALITY_REVIEW_REQUIRED,CONTROL_TYPE_REVIEW_REQUIRED,"Postoperative TAES at ST25, P6, ST36 and LI4 (2–100 Hz; max 12 mA; 30 min ×6)",Incision-periphery TENS (2–100 Hz; max 12 mA; 30 min ×6),mg tramadol,15,16,164.46,61.31,195.5,71.74,,,INCLUDE,"Numerically extractable in its native endpoint/time/statistic; pooling still requires compatible stratum, comparator and independent-arm selection.",ROB2_RESULT_SPECIFIC_PENDING,,https://drive.google.com/file/d/1Zb2RyfK6pYLEOMyE6TOLMt9I0nxZYoYe/view?usp=drivesdk,Table 4 / Tramadol HCl (24–48 h),,-31.04,23.921928,MD,Native MD; no pooled interpretation without compatible model.,1,-0.451817,0.363949
V33-OD-0350,SZMIT21_TEAS_vs_SHAM_MORPH24,Szmit 2021,Postoperative opioid dose (native window/unit),Total IV PCA morphine dose,0–24 h postoperative,cumulative 0–24 h (locked primary source adjudication),Mean/SD,TEAS,Sham,Postoperative TEAS: bilateral LI4 + ipsilateral peri-incisional ashi points; alternating 2/100 Hz; 30 min every 2 h through 24 h,Sham TEAS: identical devices/placement with no electrical stimulation + PCA,mg IV morphine,24,24,7.5,3.8,15.2,6.24,,,INCLUDE,Locked strict primary result; prespecified source adjudication and conversions retained.,EXISTING_LOCKED_PRIMARY: Some concerns,,https://drive.google.com/file/d/1SbgHRO4KEP9X0Unz75vDMFCvlkDTEgk3/view?usp=drivesdk,Table 2 / primary outcome,,-7.7,1.491331,MD,Native MD; no pooled interpretation without compatible model.,1,-1.466046,0.325149
V33-OD-0351,SZMIT21_TEAS_vs_CTRL_MORPH24,Szmit 2021,Postoperative opioid dose (native window/unit),Total IV PCA morphine dose,0–24 h postoperative,0-24h postoperative,Mean/SD,TEAS,CONTROL_TYPE_REVIEW_REQUIRED,Postoperative TEAS: bilateral LI4 + ipsilateral peri-incisional ashi points; alternating 2/100 Hz; 30 min every 2 h through 24 h,PCA only / no TEAS,mg IV morphine,24,23,7.5,3.8,15.5,6.1,,,INCLUDE,"Numerically extractable in its native endpoint/time/statistic; pooling still requires compatible stratum, comparator and independent-arm selection.",EXISTING_RESULT_SPECIFIC: Some concerns,,https://drive.google.com/file/d/1SbgHRO4KEP9X0Unz75vDMFCvlkDTEgk3/view?usp=drivesdk,Table 2 / primary outcome,,-8.0,1.489796,MD,Native MD; no pooled interpretation without compatible model.,1,-1.55549,0.332994
V33-OD-0356,ZHANG18_TEA_vs_SHAM_OPIOID24,Zhang 2018,Postoperative opioid dose (native window/unit),Exact cumulative postoperative opioid consumption,0–24 h,0-24h,Not reported,MODALITY_REVIEW_REQUIRED,CONTROL_TYPE_REVIEW_REQUIRED,"Postoperative needleless TEA at bilateral ST36 and PC6; 25 Hz, 0.5-ms pulse width, 2–10 mA; 1 h twice daily on POD1–3",Active electrical stimulation at non-acupoints with the same stimulation method,opioid dose,21,21,,,,,,,NOT REPORTED,Accessed source does not supply the requested numerical result.,ROB2_RESULT_SPECIFIC_PENDING,,https://drive.google.com/file/d/1ZcLvQiw1bigHUYQTjwWPa8f1D2UrkAwl/view?usp=drivesdk,Methods/results,,,,,,1,,
AUDIT-0272,V34_B3_074,Sim 2002,Postoperative opioid dose (native window/unit),Drowsiness,0–24 h,0-24h,Published percentage,EA,Sham,Preoperative EA (Group II),Placebo EA (Group I),percent,30.0,30.0,,,,,,,NARRATIVE ONLY,Printed percentage/CI retained; event counts not reverse-engineered.,ROB2_RESULT_SPECIFIC_PENDING,All randomized/analyzed,https://drive.google.com/file/d/1YsNHL-J3Kgfu8mCanRrNu_bHk_roj0w6/view?usp=drivesdk,Acupuncture in Medicine 2002;20:60–61; Table 2,,,,,,1,,
AUDIT-0273,V34_B3_075,Sim 2002,Postoperative opioid dose (native window/unit),Drowsiness,0–24 h,0-24h,Published percentage,EA,Sham,Postoperative EA (Group III),Placebo EA (Group I),percent,30.0,30.0,,,,,,,NARRATIVE ONLY,Printed percentage/CI retained; event counts not reverse-engineered.,ROB2_RESULT_SPECIFIC_PENDING,All randomized/analyzed,https://drive.google.com/file/d/1YsNHL-J3Kgfu8mCanRrNu_bHk_roj0w6/view?usp=drivesdk,Acupuncture in Medicine 2002;20:60–61; Table 2,,,,,,1,,
AUDIT-0274,V34_B3_076,Sim 2002,Postoperative opioid dose (native window/unit),Pruritus,0–24 h,0-24h,Published percentage,EA,Sham,Preoperative EA (Group II),Placebo EA (Group I),percent,30.0,30.0,,,,,,,NARRATIVE ONLY,Printed percentage/CI retained; event counts not reverse-engineered.,ROB2_RESULT_SPECIFIC_PENDING,All randomized/analyzed,https://drive.google.com/file/d/1YsNHL-J3Kgfu8mCanRrNu_bHk_roj0w6/view?usp=drivesdk,Acupuncture in Medicine 2002;20:60–61; Table 2,,,,,,1,,
AUDIT-0275,V34_B3_077,Sim 2002,Postoperative opioid dose (native window/unit),Pruritus,0–24 h,0-24h,Published percentage,EA,Sham,Postoperative EA (Group III),Placebo EA (Group I),percent,30.0,30.0,,,,,,,NARRATIVE ONLY,Printed percentage/CI retained; event counts not reverse-engineered.,ROB2_RESULT_SPECIFIC_PENDING,All randomized/analyzed,https://drive.google.com/file/d/1YsNHL-J3Kgfu8mCanRrNu_bHk_roj0w6/view?usp=drivesdk,Acupuncture in Medicine 2002;20:60–61; Table 2,,,,,,1,,
AUDIT-0276,V34_B3_078,Sim 2002,Postoperative opioid dose (native window/unit),Postoperative IV PCA morphine in interval,0–6 h,0-6h,Graph only,EA,Sham,Preoperative EA (Group II),Placebo EA (Group I),mg/kg,30.0,30.0,,,,,,,GRAPH ONLY,No new graph digitization; historical digitized data require their original validation before pooling.,ROB2_RESULT_SPECIFIC_PENDING,All randomized/analyzed,https://drive.google.com/file/d/1YsNHL-J3Kgfu8mCanRrNu_bHk_roj0w6/view?usp=drivesdk,Acupuncture in Medicine 2002;20:60; Figure 3,,,,,,1,,
AUDIT-0277,V34_B3_079,Sim 2002,Postoperative opioid dose (native window/unit),Postoperative IV PCA morphine in interval,12–18 h,12-18h,Graph only,EA,Sham,Preoperative EA (Group II),Placebo EA (Group I),mg/kg,30.0,30.0,,,,,,,GRAPH ONLY,No new graph digitization; historical digitized data require their original validation before pooling.,ROB2_RESULT_SPECIFIC_PENDING,All randomized/analyzed,https://drive.google.com/file/d/1YsNHL-J3Kgfu8mCanRrNu_bHk_roj0w6/view?usp=drivesdk,Acupuncture in Medicine 2002;20:60; Figure 3,,,,,,1,,
AUDIT-0278,V34_B3_080,Sim 2002,Postoperative opioid dose (native window/unit),Postoperative IV PCA morphine in interval,18–24 h,18-24h,Graph only,EA,Sham,Preoperative EA (Group II),Placebo EA (Group I),mg/kg,30.0,30.0,,,,,,,GRAPH ONLY,No new graph digitization; historical digitized data require their original validation before pooling.,ROB2_RESULT_SPECIFIC_PENDING,All randomized/analyzed,https://drive.google.com/file/d/1YsNHL-J3Kgfu8mCanRrNu_bHk_roj0w6/view?usp=drivesdk,Acupuncture in Medicine 2002;20:60; Figure 3,,,,,,1,,
AUDIT-0279,V34_B3_081,Sim 2002,Postoperative opioid dose (native window/unit),Postoperative IV PCA morphine in interval,0–6 h,0-6h,Graph only,EA,Sham,Postoperative EA (Group III),Placebo EA (Group I),mg/kg,30.0,30.0,,,,,,,GRAPH ONLY,No new graph digitization; historical digitized data require their original validation before pooling.,ROB2_RESULT_SPECIFIC_PENDING,All randomized/analyzed,https://drive.google.com/file/d/1YsNHL-J3Kgfu8mCanRrNu_bHk_roj0w6/view?usp=drivesdk,Acupuncture in Medicine 2002;20:60; Figure 3,,,,,,1,,
AUDIT-0280,V34_B3_082,Sim 2002,Postoperative opioid dose (native window/unit),Postoperative IV PCA morphine in interval,12–18 h,12-18h,Graph only,EA,Sham,Postoperative EA (Group III),Placebo EA (Group I),mg/kg,30.0,30.0,,,,,,,GRAPH ONLY,No new graph digitization; historical digitized data require their original validation before pooling.,ROB2_RESULT_SPECIFIC_PENDING,All randomized/analyzed,https://drive.google.com/file/d/1YsNHL-J3Kgfu8mCanRrNu_bHk_roj0w6/view?usp=drivesdk,Acupuncture in Medicine 2002;20:60; Figure 3,,,,,,1,,
AUDIT-0281,V34_B3_083,Sim 2002,Postoperative opioid dose (native window/unit),Postoperative IV PCA morphine in interval,18–24 h,18-24h,Graph only,EA,Sham,Postoperative EA (Group III),Placebo EA (Group I),mg/kg,30.0,30.0,,,,,,,GRAPH ONLY,No new graph digitization; historical digitized data require their original validation before pooling.,ROB2_RESULT_SPECIFIC_PENDING,All randomized/analyzed,https://drive.google.com/file/d/1YsNHL-J3Kgfu8mCanRrNu_bHk_roj0w6/view?usp=drivesdk,Acupuncture in Medicine 2002;20:60; Figure 3,,,,,,1,,
AUDIT-0318,V34_B3_120,Sim 2002,Postoperative opioid dose (native window/unit),Postoperative IV PCA morphine in interval,6–12 h,6-12h,Median/IQR width as printed,EA,Sham,Postoperative EA (Group III),Placebo EA (Group I),mg/kg,30.0,30.0,,,,,,,NARRATIVE ONLY,Median and original dispersion preserved; no mean/SD conversion or MD pooling.,ROB2_RESULT_SPECIFIC_PENDING,All randomized/analyzed,https://drive.google.com/file/d/1YsNHL-J3Kgfu8mCanRrNu_bHk_roj0w6/view?usp=drivesdk,Acupuncture in Medicine 2002;20:60; Results text + Figure 3,,,,,,1,,
