study,outcome,timepoint,outcome_family,intervention,comparator,analysed_n_i,analysed_n_c,randomised_n_i,randomised_n_c,d1_randomisation,d2_deviations,d3_missing,d4_measurement,d5_reporting,overall,rationale,flags,source_pdf,status,adopted_by,adopted_date,provenance_note
Chen 2015,PONV incidence,0-24 h,PONV,Preoperative TEAS,Electrodes/device with no stimulation,41,42,42,42,Low,Low,Low,Low,Low,Low,"D1: 'assigned ... by a table of computer-generated random numbers', 1:1, 'sealed in sequentially numbered opaque envelopes'; baseline comparable (Table 1). D2: 'The patients, attending anesthesiologist, surgeons and data collector were blinded to group assignment'; placebo-controlled with a no-stimulation device. D3: 1 of 84 excluded for protocol breach (1.2%), 83 analysed. D4: PONV recorded by the blinded data collector; no measurement difference between arms. D5: registered NCT02333747; PONV named as a pre-specified secondary outcome in Methods.",,037_chen_2015_thyroidectomy_lund.pdf,ROB2_RESULT_SPECIFIC_ADOPTED,John Ryan N. Mendoza (review lead),2026-09-08,"Adopted by the review lead's direction on 2026-09-08. Domain judgements and rationale are the source-evidence extraction, unchanged by adoption."
Chen 2015 (Hyperalgesia),PONV incidence,0-24 h,PONV,Preoperative TEAS,Electrodes/no-current sham,29,30,30,30,Low,Low,Low,Low,Some concerns,Some concerns,"D1: 'randomization was performed in a 1:1 ratio according to a computer-generated list'; 'Group assignments were concealed in sealed envelopes'. D2: 'All study personnel including the patients, investigator, attending anesthetist, surgeons, recovery ward nurses, and the person who performed the statistical analysis were blinded'. D3: 1 of 60 excluded for protocol breach (1.7%). D4: PONV recorded within a blinded 24-h follow-up. D5 SOME CONCERNS: no trial registration or protocol identified in the report — only IRB approval (Ref: K2014-07-003) — so the paper's own statement that PONV was a pre-specified secondary outcome cannot be verified against an external record.",no trial registration identified,040_chen_2015_hyperalgesia_lund.pdf,ROB2_RESULT_SPECIFIC_ADOPTED,John Ryan N. Mendoza (review lead),2026-09-08,"Adopted by the review lead's direction on 2026-09-08. Domain judgements and rationale are the source-evidence extraction, unchanged by adoption."
Gao 2021,Time to first bowel sounds,Postoperative,GI recovery,Postoperative TEAS,Sham/no-current TEAS,303.0,307.0,303.0,307.0,Low,Some concerns,Low,Low,Low,Some concerns,"D1: 'SPSS software was used for block randomization in a 1:1 ratio with block size of 4'; 'the central randomization administrator opened the sealed envelope and made the group allocation'. D2 SOME CONCERNS: participant blinding was not achieved — 'patients could not be blinded to the treatment due to the nature of the intervention, because they can sense the acupoint stimuli in the TEAS group compared to no treatment in the sham group'; 'Intention-to-treat analysis was used for all enrolled patients' (all 610). D3: ITT, all 610 randomised analysed. D5: registered NCT03086304 with the protocol available as Appendix 1; the GI recovery times are named pre-specified secondary outcomes. D4 LOW for THIS result: bowel sounds are established by auscultation by study personnel who 'were blinded to the patient's group allocation', so the measurement does not depend on the unblinded participant.",,covidence_400_full_article.pdf,ROB2_RESULT_SPECIFIC_ADOPTED,John Ryan N. Mendoza (review lead),2026-09-08,"Adopted by the review lead's direction on 2026-09-08. Domain judgements and rationale are the source-evidence extraction, unchanged by adoption."
Gao 2021,Time to first defecation,Postoperative,GI recovery,Postoperative TEAS,Sham/no-current TEAS,303,307,303,307,Low,Some concerns,Low,Some concerns,Low,Some concerns,"D1: 'SPSS software was used for block randomization in a 1:1 ratio with block size of 4'; 'the central randomization administrator opened the sealed envelope and made the group allocation'. D2 SOME CONCERNS: participant blinding was not achieved — 'patients could not be blinded to the treatment due to the nature of the intervention, because they can sense the acupoint stimuli in the TEAS group compared to no treatment in the sham group'; 'Intention-to-treat analysis was used for all enrolled patients' (all 610). D3: ITT, all 610 randomised analysed. D5: registered NCT03086304 with the protocol available as Appendix 1; the GI recovery times are named pre-specified secondary outcomes. D4 SOME CONCERNS for THIS result: the timing of first defecation is established from the participant's own report, and participants were not successfully blinded, so knowledge of assignment could influence when the event is reported.",,covidence_400_full_article.pdf,ROB2_RESULT_SPECIFIC_ADOPTED,John Ryan N. Mendoza (review lead),2026-09-08,"Adopted by the review lead's direction on 2026-09-08. Domain judgements and rationale are the source-evidence extraction, unchanged by adoption."
Gao 2021,Time to first flatus,Postoperative,GI recovery,Postoperative TEAS,Sham/no-current TEAS,303,307,303,307,Low,Some concerns,Low,Some concerns,Low,Some concerns,"D1: 'SPSS software was used for block randomization in a 1:1 ratio with block size of 4'; 'the central randomization administrator opened the sealed envelope and made the group allocation'. D2 SOME CONCERNS: participant blinding was not achieved — 'patients could not be blinded to the treatment due to the nature of the intervention, because they can sense the acupoint stimuli in the TEAS group compared to no treatment in the sham group'; 'Intention-to-treat analysis was used for all enrolled patients' (all 610). D3: ITT, all 610 randomised analysed. D5: registered NCT03086304 with the protocol available as Appendix 1; the GI recovery times are named pre-specified secondary outcomes. D4 SOME CONCERNS for THIS result: first flatus is entirely self-reported and participants were not successfully blinded; this is the outcome most exposed to reporting influenced by awareness of assignment.",,covidence_400_full_article.pdf,ROB2_RESULT_SPECIFIC_ADOPTED,John Ryan N. Mendoza (review lead),2026-09-08,"Adopted by the review lead's direction on 2026-09-08. Domain judgements and rationale are the source-evidence extraction, unchanged by adoption."
Gu 2019,Time to first bowel sounds,Postoperative,GI recovery,Long-duration TEAS,Sham/no-current TEAS,58,59,60,60,Some concerns,Low,Low,Low,Some concerns,Some concerns,"D1 SOME CONCERNS: 'randomized according to a computer-generated random numbers table', but no allocation-concealment mechanism is described anywhere in the report. D2: 'All patients were unaware of the group allocations'; interventionist, data collector and statistician separated and blinded; placebo C-TEAS comparator. D3: 117 of 120 completed (2.5% missing). D5 SOME CONCERNS: no trial registration and no protocol are reported — only ethics approval (RMYY-YWLL-2017-0120) — and the report never names its primary outcome, referring only to 'the primary outcome from a pilot study', so pre-specification of any reported result cannot be verified. D4 LOW for THIS result: 'Bowel sounds were blindly noted every hour postoperatively by a surgical ICU nurse', with four-quadrant auscultation for over four minutes — assessor-measured, not self-reported.",no trial registration identified,covidence_1471_full_article.pdf,ROB2_RESULT_SPECIFIC_ADOPTED,John Ryan N. Mendoza (review lead),2026-09-08,"Adopted by the review lead's direction on 2026-09-08. Domain judgements and rationale are the source-evidence extraction, unchanged by adoption."
Gu 2019,Time to first defecation,Postoperative,GI recovery,Long-duration TEAS,Sham/no-current TEAS,58,59,60,60,Some concerns,Low,Low,Some concerns,Some concerns,Some concerns,"D1 SOME CONCERNS: 'randomized according to a computer-generated random numbers table', but no allocation-concealment mechanism is described anywhere in the report. D2: 'All patients were unaware of the group allocations'; interventionist, data collector and statistician separated and blinded; placebo C-TEAS comparator. D3: 117 of 120 completed (2.5% missing). D5 SOME CONCERNS: no trial registration and no protocol are reported — only ethics approval (RMYY-YWLL-2017-0120) — and the report never names its primary outcome, referring only to 'the primary outcome from a pilot study', so pre-specification of any reported result cannot be verified. D4 SOME CONCERNS for THIS result: 'The patients were instructed to self-record the first postoperative flatus and defecation' — self-reported timing, although participants were blinded to allocation.",no trial registration identified,covidence_1471_full_article.pdf,ROB2_RESULT_SPECIFIC_ADOPTED,John Ryan N. Mendoza (review lead),2026-09-08,"Adopted by the review lead's direction on 2026-09-08. Domain judgements and rationale are the source-evidence extraction, unchanged by adoption."
Gu 2019,VAS pain intensity,24 h,Pain,Long-duration TEAS,Sham/no-current TEAS,58,59,60,60,Some concerns,Low,Low,Low,Some concerns,Some concerns,"D1 SOME CONCERNS: 'randomized according to a computer-generated random numbers table', but no allocation-concealment mechanism is described anywhere in the report. D2: 'All patients were unaware of the group allocations'; interventionist, data collector and statistician separated and blinded; placebo C-TEAS comparator. D3: 117 of 120 completed (2.5% missing). D5 SOME CONCERNS: no trial registration and no protocol are reported — only ethics approval (RMYY-YWLL-2017-0120) — and the report never names its primary outcome, referring only to 'the primary outcome from a pilot study', so pre-specification of any reported result cannot be verified. D4 LOW for THIS result: VAS is self-reported but participants were blinded to allocation and scores were collected by a blinded investigator at fixed timepoints; all pre-specified timepoints (4, 8, 16, 24, 36 h) are reported, so no within-outcome selection is evident.",no trial registration identified,covidence_1471_full_article.pdf,ROB2_RESULT_SPECIFIC_ADOPTED,John Ryan N. Mendoza (review lead),2026-09-08,"Adopted by the review lead's direction on 2026-09-08. Domain judgements and rationale are the source-evidence extraction, unchanged by adoption."
Guo 2023,Remifentanil consumption,Intraoperative,Intraoperative opioid,Perioperative TEAS,Sham/no-current TEAS,55,55,64,64,Low,Low,Some concerns,Low,Some concerns,Some concerns,"D1: 'A randomization sequence was generated by ... SPSS 25.0 ... and the allocation code was performed by an independent technician'; baseline well matched (Table 1). D2: 'The patients, anesthesiologists, surgeons, and observers were blinded to group assignment'; 'a standardized anesthetic protocol was elaborated and performed throughout the surgery'. D3 SOME CONCERNS: 18 of 128 randomised (14%) dropped out and only completers (55/55) were analysed, even though intraoperative remifentanil would have been recorded for every randomised patient; mitigated by the reported finding of 'No significant difference in baseline characteristics ... between the dropped patients and the completed patients'. D4: remifentanil was titrated to BIS 40-60 by a blinded anaesthetist and taken from records. D5 SOME CONCERNS: intraoperative remifentanil is not among the registered primary outcome (POCD by MoCA) or the listed secondary outcomes (MMSE, NRS pain and sleep, EORTC-QLQ-C30, chronic pain); it is reported as a perioperative anaesthetic characteristic.",result not among pre-specified outcomes,006_guo_2023.pdf,ROB2_RESULT_SPECIFIC_ADOPTED,John Ryan N. Mendoza (review lead),2026-09-08,"Adopted by the review lead's direction on 2026-09-08. Domain judgements and rationale are the source-evidence extraction, unchanged by adoption."
He 2026 (hepatectomy/JIS),PONV incidence,0-24 h,PONV,Intraoperative PC6 TEAS,No-current PC6 control,80,79,81,80,Low,Low,Low,Low,Low,Low,"D1: allocation 1:1 'through a secure web-based randomization system'; 'The randomization sequence was generated using permuted blocks, stratified by treatment center'; the assignment was revealed by 'an independent investigator (uninvolved in anesthesia administration or outcome assessment)'. D2: genuine double-blinding — 'the beginning of the intervention after anesthesia induction ... ascertained the blinding of the participants', 'The stimulator was then placed inside an opaque box', and 'The patients, anesthesiologists, outcome assessors, and ward staff remained unaware of treatment assignments'; analysed as mITT. D3: 2 of 161 excluded (one cancelled surgery, one withdrew consent); PP sensitivity analysis agreed with mITT. D4: PONV ascertained by blinded assessors and ward staff on a defined scale. D5: registered NCT05396716; this is the pre-specified PRIMARY outcome, reported with predefined subgroups and a PP sensitivity analysis.",,covidence_25_verified.pdf,ROB2_RESULT_SPECIFIC_ADOPTED,John Ryan N. Mendoza (review lead),2026-09-08,"Adopted by the review lead's direction on 2026-09-08. Domain judgements and rationale are the source-evidence extraction, unchanged by adoption."
Huang 2025,Time to first defecation,Postoperative,GI recovery,Postoperative EA + ERAS,ERAS/standard care,43,45,51,50,Low,High,Some concerns,High,Low,High,"D1: 'A centralized randomization system ensured allocation concealment'; sequence 'computer-generated by an independent statistician'. D2 HIGH: the comparator is standard care alone with no sham, so the report's claim that 'Patients were blinded to their treatment allocation' is not credible for an intervention delivered by needling — the paper itself proposes that 'Future studies could incorporate a sham EA group ... to help control for placebo effects and improve blinding'; analysis is completers only, not ITT. A second, independent reviewer reached the same conclusion on 2026-09-09 after reading the source directly, which reinforces rather than substitutes for this pipeline's own judgement. D3 SOME CONCERNS: 13 of 101 randomised (12.9%) are missing from the analysis (51->43 EA, 50->45 control) with dropout criteria that include protocol violation and postoperative complications, and no ITT or sensitivity analysis. D4 HIGH for THIS result: 'The primary outcomes were the time ... to first flatus and bowel movement, as recorded by patients, family members, or caregivers' — self-reported timing by unblinded participants and their families. D5 LOW: registered (MR-51-24-038798) with defecation as a co-primary, correctly reported. An earlier reading of this source flagged an apparent internal numeric inconsistency between a flatus value pair quoted in different sections (36.4+/-8.0 vs 36.20+/-8.20 and 42.2+/-8.5 vs 42.72+/-8.76); a second independent reviewer confirmed on 2026-09-09 that the '36.20/8.20, 42.72/8.76' pair belongs to a distinct 2023 pilot study cited for the sample-size calculation, not a competing estimate of this trial's own flatus outcome — so this is not an unresolved reporting inconsistency for the defecation result assessed here, and this pipeline's own separately-extracted flatus and defecation rows (36.4/42.2 and 46.0/51.3 respectively) already match the confirmed trial values with no correction needed.","SOURCE-QC: apparent numeric inconsistency between abstract/Results and p.4 text, resolved 2026-09-09 as pilot-study data (2023) vs this trial's own data, not a live inconsistency",covidence_131_verified.pdf,ROB2_RESULT_SPECIFIC_ADOPTED,John Ryan N. Mendoza (review lead),2026-09-09,"Adopted by the review lead's direction on 2026-09-08 and re-confirmed on 2026-09-09 after a second, independent reviewer re-read the mapped source PDF against this study's pre-existing source-QC flag and reported back findings, which this pipeline verified against its own extracted data before updating the rationale above. Domain judgements remain the source-evidence extraction; standard Cochrane RoB 2 practice calls for two independent assessors reconciling disagreement, and this second reading is recorded as that reconciliation step."
Lee 2011,VAS pain intensity,24 h,Pain,Low-frequency dense-sparse SSP,Sham SSP,10,12,12,12,Some concerns,Some concerns,High,Low,High,High,"D1 SOME CONCERNS: 'A random number table was used for grouping', but the report also states 'each subject was assigned to a treatment group in numbered order, as they became available', which describes sequential assignment; no allocation-concealment mechanism is described and no by-group baseline table is presented. D2 SOME CONCERNS: described as double-blind and 'group assignments were kept fully blinded from the subjects and data collectors', with a no-stimulation sham SSP electrode; but no ITT and no protocol. D3 HIGH for THIS result: 'Two of the subjects from Group 4 were excluded from the analysis due to the inability to carry out the VAS' — 2 of 12 (17%) missing from the intervention arm only, and the missingness is in the very outcome being assessed; no sensitivity analysis. D4: VAS is self-reported but subjects were blinded to allocation. D5 HIGH: no trial registration, no protocol, no sample size calculation and no stated primary outcome; multiple pain and PCA endpoints across many time intervals are reported with no pre-specified analysis plan.",no trial registration identified; outcome-related missing data,049_lee_2011.pdf,ROB2_RESULT_SPECIFIC_ADOPTED,John Ryan N. Mendoza (review lead),2026-09-08,"Adopted by the review lead's direction on 2026-09-08. Domain judgements and rationale are the source-evidence extraction, unchanged by adoption."
Liang 2021,Global QoR-40,24 h (T11),Quality of recovery,Preoperative TEAS,Control/no stimulation,35,35,37,38,Low,Low,Low,Low,Low,Low,"D1: 'randomly distributed into two groups, with the help of a computer-generated table of random numbers by an independent statistician'; that statistician 'created identical sealed envelopes before surgery'. D2: 'An anesthesiologist (LDD), who was not aware of the allocation, performed general anesthesia and all intraoperative data recording, and another investigator (WL), in charge of all postoperative assessments, was also blinded to the group identity'. D3: 5 of 75 randomised lost (surgical procedure change n=3; blood-sample loss), 6.7%, with documented reasons unrelated to the outcome; CONSORT reports none excluded from analysis of those followed up. D4 LOW for THIS result: the validated Chinese QoR-40 was administered at pre-defined timepoints (T0, T11, T12) by the blinded postoperative investigator to blinded participants. D5: registered ChiCTR1800019951; QoR-40 at T11 is defined in Methods 2.7 as a pre-specified assessment and is reported in full across all its five subscales.",,014_liang_2021.pdf,ROB2_RESULT_SPECIFIC_ADOPTED,John Ryan N. Mendoza (review lead),2026-09-08,"Adopted by the review lead's direction on 2026-09-08. Domain judgements and rationale are the source-evidence extraction, unchanged by adoption."
Liang 2021,Remifentanil consumption,Intraoperative,Intraoperative opioid,Preoperative TEAS,Control/no stimulation,35.0,35.0,37.0,38.0,Low,Low,Low,Low,Some concerns,Some concerns,"D1: 'randomly distributed into two groups, with the help of a computer-generated table of random numbers by an independent statistician'; that statistician 'created identical sealed envelopes before surgery'. D2: 'An anesthesiologist (LDD), who was not aware of the allocation, performed general anesthesia and all intraoperative data recording, and another investigator (WL), in charge of all postoperative assessments, was also blinded to the group identity'. D3: 5 of 75 randomised lost (surgical procedure change n=3; blood-sample loss), 6.7%, with documented reasons unrelated to the outcome; CONSORT reports none excluded from analysis of those followed up. D4 LOW for THIS result: remifentanil was recorded intraoperatively by the anaesthesiologist who was explicitly 'not aware of the allocation'. D5 SOME CONCERNS: the trial's stated outcomes centre on catheter-related bladder discomfort, MMSE, PONV, pain and QoR-40; intraoperative opioid consumption appears in Table 1 as an anaesthetic characteristic rather than as a named pre-specified outcome.",result not among pre-specified outcomes,014_liang_2021.pdf,ROB2_RESULT_SPECIFIC_ADOPTED,John Ryan N. Mendoza (review lead),2026-09-08,"Adopted by the review lead's direction on 2026-09-08. Domain judgements and rationale are the source-evidence extraction, unchanged by adoption."
Liang 2021,Sufentanil consumption,Intraoperative,Intraoperative opioid,Preoperative TEAS,Control/no stimulation,35.0,35.0,37.0,38.0,Low,Low,Low,Low,Some concerns,Some concerns,"D1: 'randomly distributed into two groups, with the help of a computer-generated table of random numbers by an independent statistician'; that statistician 'created identical sealed envelopes before surgery'. D2: 'An anesthesiologist (LDD), who was not aware of the allocation, performed general anesthesia and all intraoperative data recording, and another investigator (WL), in charge of all postoperative assessments, was also blinded to the group identity'. D3: 5 of 75 randomised lost (surgical procedure change n=3; blood-sample loss), 6.7%, with documented reasons unrelated to the outcome; CONSORT reports none excluded from analysis of those followed up. D4 LOW for THIS result: sufentanil was recorded intraoperatively by the anaesthesiologist who was explicitly 'not aware of the allocation'. D5 SOME CONCERNS: the trial's stated outcomes centre on catheter-related bladder discomfort, MMSE, PONV, pain and QoR-40; intraoperative opioid consumption appears in Table 1 as an anaesthetic characteristic rather than as a named pre-specified outcome.",result not among pre-specified outcomes,014_liang_2021.pdf,ROB2_RESULT_SPECIFIC_ADOPTED,John Ryan N. Mendoza (review lead),2026-09-08,"Adopted by the review lead's direction on 2026-09-08. Domain judgements and rationale are the source-evidence extraction, unchanged by adoption."
Lu 2021,Total remifentanil,Intraoperative,Intraoperative opioid,Combined PC6+CV17 TEAS,Sham/no current,190,188,190,188,Low,Low,Low,Low,Low,Low,"D1: randomised 1:1:1 'using a secured web-based system that was stratified according to permuted blocks' across six centres; baseline characteristics did not differ. D2: 'We performed all the analyses in an intention-to-treat population'; although 'The patients and investigators who participated in the intervention were not masked', 'The stimulator was placed in an opaque box to blind the surgical team and anesthesiologist', and protocol adherence was audited by an independent observer. D3: this is an intraoperative measurement with no missing data — all 190/188 randomised patients contribute. D4: remifentanil was administered and recorded by the anaesthesia team, who were blinded by the opaque-box arrangement. D5: registered NCT02741726 with the protocol supplied; 'The secondary endpoints included remifentanil consumption during general anesthesia' — explicitly pre-specified.",,covidence_414_full_article.pdf,ROB2_RESULT_SPECIFIC_ADOPTED,John Ryan N. Mendoza (review lead),2026-09-08,"Adopted by the review lead's direction on 2026-09-08. Domain judgements and rationale are the source-evidence extraction, unchanged by adoption."
Lu 2022,Time to first defecation,Postoperative,GI recovery,TEAS + ERAS,No-current control + ERAS,47,47,50,50,Low,Some concerns,Low,Low,Low,Some concerns,"D1: 'randomly assigned ... in a ratio of 1:1 using a computer-generated random allocation sequence'; 'The randomization code for each patient was put in sealed envelope and not opened until allocation'; multicentre. D2 SOME CONCERNS: participants were not blinded — 'For logistic reasons, blinding the patients was hard to perform' and 'The patient may tell the investigator who did the follow-up that he/she felt a stimuli'; the mITT population excludes 6 randomised patients, one of them 'due to rejection to TEAS', which is an exclusion related to a deviation from the intended intervention. D3: 6 of 100 (6%) excluded post-randomisation with documented reasons (5 conversions to open surgery, 1 refusal). D5: registered NCT02921529; 'The secondary outcomes included time to flatus, time to first defecation' — both explicitly pre-specified. D4 LOW for THIS result: the authors adopted 'time to defecation as one secondary endpoint, because [it is] more objective and can be recorded by the assessor without bias', and 'Investigators involved in the follow-up were blinded to the group allocation'.",,getfile.php-3.pdf,ROB2_RESULT_SPECIFIC_ADOPTED,John Ryan N. Mendoza (review lead),2026-09-08,"Adopted by the review lead's direction on 2026-09-08. Domain judgements and rationale are the source-evidence extraction, unchanged by adoption."
Lu 2022,Time to first flatus,Postoperative,GI recovery,TEAS + ERAS,No-current control + ERAS,47,47,50,50,Low,Some concerns,Low,Some concerns,Low,Some concerns,"D1: 'randomly assigned ... in a ratio of 1:1 using a computer-generated random allocation sequence'; 'The randomization code for each patient was put in sealed envelope and not opened until allocation'; multicentre. D2 SOME CONCERNS: participants were not blinded — 'For logistic reasons, blinding the patients was hard to perform' and 'The patient may tell the investigator who did the follow-up that he/she felt a stimuli'; the mITT population excludes 6 randomised patients, one of them 'due to rejection to TEAS', which is an exclusion related to a deviation from the intended intervention. D3: 6 of 100 (6%) excluded post-randomisation with documented reasons (5 conversions to open surgery, 1 refusal). D5: registered NCT02921529; 'The secondary outcomes included time to flatus, time to first defecation' — both explicitly pre-specified. D4 SOME CONCERNS for THIS result: first flatus is self-reported by unblinded participants; the authors themselves note that 'flatus is sometimes regarded as an insensitive index' and chose defecation instead precisely because it is more objective.",,getfile.php-3.pdf,ROB2_RESULT_SPECIFIC_ADOPTED,John Ryan N. Mendoza (review lead),2026-09-08,"Adopted by the review lead's direction on 2026-09-08. Domain judgements and rationale are the source-evidence extraction, unchanged by adoption."
Ng 2013,Time to first bowel motion / defecation,Postoperative,GI recovery,Electroacupuncture,Sham acupuncture,55,55,55,55,Some concerns,Low,Low,Low,Low,Some concerns,"D1 SOME CONCERNS: 'Patients were randomized (using simple randomization)' and 'A sealed nonopaque envelope ... was opened to determine the limb of entry' — the report states explicitly that the concealment envelopes were NOT opaque, so allocation could in principle be foreseen. D2: 'the patients randomized to the EA/SA groups and the outcome assessor were blinded to the treatment allocation'; the assessed contrast is EA vs sham acupuncture, both blinded arms. D3: 'There was no withdrawal or dropout, and all recruited patients were available for analysis of primary and secondary outcomes'. D4: 'the time to defecation ... from the time the laparoscopic surgery ended until the first observed passage of stool', recorded by the blinded assessor; the authors adopted it 'because it is more objective and can be recorded readily by the assessor without bias'. D5: registered NCT00464425; this is the single pre-specified primary outcome.",,covidence_1970_ng_2013.pdf,ROB2_RESULT_SPECIFIC_ADOPTED,John Ryan N. Mendoza (review lead),2026-09-08,"Adopted by the review lead's direction on 2026-09-08. Domain judgements and rationale are the source-evidence extraction, unchanged by adoption."
Ntritsou 2014,Remifentanil consumption,Intraoperative,Intraoperative opioid,Perioperative EA + tramadol/ketamine,Sham + tramadol/ketamine,35,35,37,38,Low,Some concerns,Some concerns,High,Some concerns,High,"D1: 'randomly divided into two groups using a computer-generated randomisation sequence'; 'The randomisation was concealed by the director of the anaesthesiology department'. D2 SOME CONCERNS: the trial is single-blind by design — 'The study was single blind because the patients were anaesthetised during the initial application of the EA intervention' — and the theatre team delivering anaesthesia was not blinded to the presence of needles. D3 SOME CONCERNS: 'Three patients from the control group and two patients from the EA group were excluded during the study' (5 of 75, 6.7%) with no reasons reported. D4 HIGH for THIS result: intraoperative remifentanil is titrated by the anaesthetist, and 'anaesthesia was conducted by one of a team of five anaesthetists' who were not blinded to the EA intervention — the person deciding and recording the dose is aware of allocation. The blinding that is described covers postoperative assessment, not intraoperative dosing. D5 SOME CONCERNS: remifentanil consumption is not among the trial's stated outcomes (NRS and SF-MPQ pain, algometry, cortisol, rescue analgesia, STAI); it appears in Table 1 as an anaesthetic characteristic.",result not among pre-specified outcomes; unblinded dose-setter is the outcome recorder,covidence_729_full_article.pdf,ROB2_RESULT_SPECIFIC_ADOPTED,John Ryan N. Mendoza (review lead),2026-09-08,"Adopted by the review lead's direction on 2026-09-08. Domain judgements and rationale are the source-evidence extraction, unchanged by adoption."
Pan 2023,Intraoperative remifentanil,Intraoperative,Intraoperative opioid,TEAS,Control/usual care,52,53,53,52,Some concerns,Some concerns,Low,Some concerns,Low,Some concerns,"D1 SOME CONCERNS: 'Patients were assigned to TEAS group (Group T) and control group (Group C) using random number tables', with no allocation-concealment mechanism described. D2 SOME CONCERNS: described as a 'double-blind randomized control-group clinical trial', but the comparator is a control group and the report does not describe a sham device, so successful participant blinding is not established. D3 LOW: 105 patients were randomised (52 / 53) and 105 were analysed; the 15 documented exclusions (6 non-protocol analgesics, 6 different surgical procedure, 2 PCIA use, 1 intraoperative bleeding) occur in the enrolment flow before randomisation. D5: registered ChiCTR2100045173; QoR-40 at 24 h is the stated primary outcome and 'dosage of remifentanil, propofol, any vasoactive drugs' is listed among the secondary outcome measures. D4 SOME CONCERNS for THIS result: the report documents blinding for the PACU nurse who collected NRS scores but does not state that the anaesthetist who titrated and recorded intraoperative remifentanil was blinded.",,getfile.php-4.pdf,ROB2_RESULT_SPECIFIC_ADOPTED,John Ryan N. Mendoza (review lead),2026-09-08,"Adopted by the review lead's direction on 2026-09-08. Domain judgements and rationale are the source-evidence extraction, unchanged by adoption."
Pan 2023,Total QoR-40 score,24 h after operation,Quality of recovery,Group T — TEAS,Group C — control,52.0,53.0,52.0,53.0,Some concerns,Some concerns,Low,Some concerns,Low,Some concerns,"D1 SOME CONCERNS: 'Patients were assigned to TEAS group (Group T) and control group (Group C) using random number tables', with no allocation-concealment mechanism described. D2 SOME CONCERNS: described as a 'double-blind randomized control-group clinical trial', but the comparator is a control group and the report does not describe a sham device, so successful participant blinding is not established. D3 LOW: 105 patients were randomised (52 / 53) and 105 were analysed; the 15 documented exclusions (6 non-protocol analgesics, 6 different surgical procedure, 2 PCIA use, 1 intraoperative bleeding) occur in the enrolment flow before randomisation. D5: registered ChiCTR2100045173; QoR-40 at 24 h is the stated primary outcome and 'dosage of remifentanil, propofol, any vasoactive drugs' is listed among the secondary outcome measures. D4 SOME CONCERNS for THIS result: QoR-40 is a participant-completed questionnaire and successful participant blinding is not established, so the respondent may have been aware of the assigned intervention.",,getfile.php-4.pdf,ROB2_RESULT_SPECIFIC_ADOPTED,John Ryan N. Mendoza (review lead),2026-09-08,"Adopted by the review lead's direction on 2026-09-08. Domain judgements and rationale are the source-evidence extraction, unchanged by adoption."
Song 2020,Total intraoperative sufentanil consumption,Intraoperative,Intraoperative opioid,Perioperative TEAS: PC6/HT7 preoperatively; PC6/HT7/ST36/LI4 postoperatively (2/10 Hz; 30-min sessions),Active nonacupoint electrical stimulation with matched timing/frequency,42,43,42,43,Low,Low,Low,Low,Some concerns,Some concerns,"D1: 'divided to the TEAS group or control group randomly in a 1:1 ratio using a computer-generated randomization number sequence'; 'Seal the group assignments in sequentially numbered opaque envelopes'. D2: 'Patients, attending anesthesiologists, surgeons and data collectors ... were all blinded to the group assignment', and the comparator is active non-acupoint stimulation at a matched 2/10 Hz so that 'the low-frequency stimuli were set to the same frequency ... resulting in the patients believing that they were undergoing real TEAS therapy' — an unusually strong blind; 'All analyses were based on the intention-to-treat (ITT) population'. D3: ITT includes all 85 randomised participants (42/43). D4: intraoperative sufentanil was administered and recorded by a blinded anaesthesiologist. D5 SOME CONCERNS: prospectively registered NCT04124679, with the Athens Insomnia Scale as the primary outcome and postoperative pain/adverse effects/PCA presses as the reported secondary outcomes; total intraoperative sufentanil is not among them and is reported in Table 1 as an anaesthetic characteristic.",result not among pre-specified outcomes,getfile.php-6.pdf,ROB2_RESULT_SPECIFIC_ADOPTED,John Ryan N. Mendoza (review lead),2026-09-08,"Adopted by the review lead's direction on 2026-09-08. Domain judgements and rationale are the source-evidence extraction, unchanged by adoption."
Wang 2023,Time to first flatus,Postoperative,GI recovery,Nighttime TEAS,Sham/no current,40,43,43,45,Low,Low,Some concerns,Low,Some concerns,Some concerns,"D1: 'Patients were assigned to either the TEAS group or the Sham group by a table of computer-generated random numbers'; 'Group assignments were sealed in sequentially numbered opaque envelopes'; two-step screening with randomisation at final enrolment. D2: 'Patients, attending surgeons, operating room nurses, data collectors and individuals who performed the final statistical analysis were blinded to group assignment'; multicentre double-blind with a no-current sham. D3 SOME CONCERNS: 5 of 88 randomised were excluded post-randomisation 'because of a protocol breach' and only the 83 completers were analysed; for this outcome 40/43 of the randomised 43/45 contribute, with no ITT or sensitivity analysis. D4: first flatus is self-reported, but participants were blinded by a credible no-current sham and the data collectors were blinded. D5 SOME CONCERNS: registered ChiCTR2100054971 with postoperative sleep quality as the primary outcome; the listed secondary outcomes are VAS scores, rescue analgesia, abdominal distension, dizziness and PONV — time to first flatus is reported among the postoperative recovery data without being individually named in the pre-specified outcome list.",pre-specification of this outcome not clearly established,s40122-023-00493-2.pdf,ROB2_RESULT_SPECIFIC_ADOPTED,John Ryan N. Mendoza (review lead),2026-09-08,"Adopted by the review lead's direction on 2026-09-08. Domain judgements and rationale are the source-evidence extraction, unchanged by adoption."
Wang 2024,Total sufentanil,Intraoperative,Intraoperative opioid,SNVP: ondansetron+dexamethasone+TEAS,SNVP: ondansetron+dexamethasone,33,35,35,35,Low,Some concerns,Some concerns,Low,Some concerns,Some concerns,"D1: 'A random allocation sequence was generated by using computer-generated random numbers'; '140 sequentially numbered envelopes containing the allocations were prepared' by 'A physician independent of the study'; the OD vs ODT contrast is randomised within the SNVP stratum. D2 SOME CONCERNS: 'This was a double-blinded study' and 'Patients and other clinical staff, including anesthesiologists, surgeons, and ward staff, were unaware of this allocation', but 'The investigator who administered the interventions was not blinded' and the report does not describe a sham device for the OD arm. D3 SOME CONCERNS: 33 of the 35 randomised to SNVP-ODT contribute to this result; the report gives no reason for the two missing participants. D4: intraoperative sufentanil was administered and recorded by anaesthesiologists who were explicitly 'unaware of this allocation'. D5 SOME CONCERNS: prospectively registered on 28 November 2021 (ChiCTR2100053752) with 'The primary outcome was the incidence of PONV within 36 h' and 'The secondary outcome was the serum GDF-15 level'; total intraoperative sufentanil is not among them and appears in Table 1 as an anaesthetic characteristic.",result not among pre-specified outcomes,covidence_212_full_article.pdf,ROB2_RESULT_SPECIFIC_ADOPTED,John Ryan N. Mendoza (review lead),2026-09-08,"Adopted by the review lead's direction on 2026-09-08. Domain judgements and rationale are the source-evidence extraction, unchanged by adoption."
Wu 2022,Cumulative remifentanil,Intraoperative,Intraoperative opioid,Perioperative pTEAS,No-current control,44,40,45,45,Some concerns,Low,Some concerns,Low,Low,Some concerns,"D1 SOME CONCERNS: 'All patients (n = 90) were randomized using a computer-generated number', with no allocation-concealment mechanism described; baseline characteristics were similar. D2: 'All researchers involved in this study were blinded to these groupings' and 'The acupoint of the pTEAS device was given on patients' legs or hands that were fully covered by the materials to ensure the pTEAS device was out of sight of blinded researchers'. D3 SOME CONCERNS: 6 of 90 (6.7%) excluded, and the loss is differential — 5 from the Control arm versus 1 from pTEAS (2 massive haemorrhage, one in each arm; 1 serious postoperative complication in Control; 3 with incomplete data collection). Excluding a patient for a POSTOPERATIVE complication discards an intraoperative value that had already been measured, and no ITT or sensitivity analysis is reported. D4: remifentanil was recorded from intraoperative records by a blinded team. D5: registered ChiCTR1800014634 (25/01/2018) and 'The consumption of remifentanil' is named as a primary outcome; note the report cites the registry inconsistently as 'clinicaltrials.gov (chiCTR1800014634)' and declares three co-primary outcomes without multiplicity adjustment.",differential attrition; three declared co-primaries without adjustment,s12871-022-01875-3.pdf,ROB2_RESULT_SPECIFIC_ADOPTED,John Ryan N. Mendoza (review lead),2026-09-08,"Adopted by the review lead's direction on 2026-09-08. Domain judgements and rationale are the source-evidence extraction, unchanged by adoption."
Xing 2022,Time to first flatus,Postoperative,GI recovery,TEAS + active TAPB,Sham TEAS + active TAPB,29,29,30,30,Low,Low,Low,Low,Some concerns,Some concerns,"D1: 'We randomized patients ... using computer-generated random numbers'; 'Randomization codes were kept in a sealed envelope and relayed to an independent nurse'. D2: 'The allocation was blinded for all patients, surgeons, the leading anesthesiologist, physician in the post-anesthesia care unit, and follow-up observers until the end of the study', and 'The TEAS stimulator was obscured by an opaque cloth throughout the experiment'; the comparator is sham TEAS with the same TAP block. D3: 1 participant lost to follow-up in each of the two relevant arms (29/29 of 30/30, 3.3%). D5 SOME CONCERNS: registered ChiCTR2100042119 with QoR-15 as the primary outcome; both results here are reported under 'Other secondary outcomes ... shown in Table 3' without being individually named in a pre-specified list. The report also states an allocation ratio of '1:1:1' when describing the three arms (general anesthesia, TAPB, TEAS combined with TAPB) but '1:1:1:1' in the Randomization section; a second independent reviewer confirmed on 2026-09-09 that this is an apparent typo rather than an unreported fourth arm — the abstract, the sample-size calculation (30x3=90), the intervention matrix, the analysed n (29+29+29=87), and every results table are all consistent with a genuine three-arm design. D5 remains Some concerns for the separate, unaffected reason that these outcomes are not individually pre-specified. D4 LOW for THIS result: first flatus is self-reported but participants were blinded by an active sham, and 'The researchers who conducted data collection and performed the outcome assessment were blinded to group allocation'.","1:1:1 vs 1:1:1:1 allocation ratio wording; resolved 2026-09-09 as an apparent typo, not an unreported fourth arm",s40122-022-00429-2.pdf,ROB2_RESULT_SPECIFIC_ADOPTED,John Ryan N. Mendoza (review lead),2026-09-09,"Adopted by the review lead's direction on 2026-09-08 and re-confirmed on 2026-09-09 after a second, independent reviewer re-read the mapped source PDF against this study's pre-existing source-QC flag and reported back findings, which this pipeline verified against its own extracted data before updating the rationale above. Domain judgements remain the source-evidence extraction; standard Cochrane RoB 2 practice calls for two independent assessors reconciling disagreement, and this second reading is recorded as that reconciliation step."
Xing 2022,Total remifentanil consumption,Intraoperative,Intraoperative opioid,TEAS + active TAPB,Sham TEAS + active TAPB,29,29,30,30,Low,Low,Low,Low,Some concerns,Some concerns,"D1: 'We randomized patients ... using computer-generated random numbers'; 'Randomization codes were kept in a sealed envelope and relayed to an independent nurse'. D2: 'The allocation was blinded for all patients, surgeons, the leading anesthesiologist, physician in the post-anesthesia care unit, and follow-up observers until the end of the study', and 'The TEAS stimulator was obscured by an opaque cloth throughout the experiment'; the comparator is sham TEAS with the same TAP block. D3: 1 participant lost to follow-up in each of the two relevant arms (29/29 of 30/30, 3.3%). D5 SOME CONCERNS: registered ChiCTR2100042119 with QoR-15 as the primary outcome; both results here are reported under 'Other secondary outcomes ... shown in Table 3' without being individually named in a pre-specified list. The report also states an allocation ratio of '1:1:1' when describing the three arms (general anesthesia, TAPB, TEAS combined with TAPB) but '1:1:1:1' in the Randomization section; a second independent reviewer confirmed on 2026-09-09 that this is an apparent typo rather than an unreported fourth arm — the abstract, the sample-size calculation (30x3=90), the intervention matrix, the analysed n (29+29+29=87), and every results table are all consistent with a genuine three-arm design. D5 remains Some concerns for the separate, unaffected reason that these outcomes are not individually pre-specified. D4 LOW for THIS result: 'Remifentanil and propofol consumption ... were recorded' by an anaesthesia team blinded by the opaque-cloth arrangement.","1:1:1 vs 1:1:1:1 allocation ratio wording; resolved 2026-09-09 as an apparent typo, not an unreported fourth arm",s40122-022-00429-2.pdf,ROB2_RESULT_SPECIFIC_ADOPTED,John Ryan N. Mendoza (review lead),2026-09-09,"Adopted by the review lead's direction on 2026-09-08 and re-confirmed on 2026-09-09 after a second, independent reviewer re-read the mapped source PDF against this study's pre-existing source-QC flag and reported back findings, which this pipeline verified against its own extracted data before updating the rationale above. Domain judgements remain the source-evidence extraction; standard Cochrane RoB 2 practice calls for two independent assessors reconciling disagreement, and this second reading is recorded as that reconciliation step."
Yang 2020,Time to first defecation,Postoperative,GI recovery,EA + usual care,Usual care,29,28,30,29,Low,Some concerns,Low,Some concerns,Some concerns,Some concerns,"D1: 'Group allocation was concealed using a sealed envelope containing the allocation sequence generated by SPSS in a 1:1 ratio'. D2 SOME CONCERNS: 'This study was a single-center, randomized and open-label trial' and 'Participants and the acupuncture provider were not blind to the groups because of the specificity of EA treatment'; the comparator is usual care with no sham. D3: 2 of 59 randomised lost (1 excluded for absence of PVB, 1 withdrew before surgery), 3.4%, with documented reasons. D4 SOME CONCERNS for THIS result: 'The assessors, anesthetists, and statisticians were unaware of study-group assignments' and times to defecation 'were checked regularly', which limits detection bias; but participants were unblinded and the event timing still depends in part on participant report. D5 SOME CONCERNS: registered ChiCTR1800014461 with time to first defecation among the stated primary outcomes; however this is explicitly a feasibility study in which 'The sample size of 60 was not determined by calculation but was the total number of patients we could recruit', and the between-group efficacy comparisons are nonetheless presented as findings.",under-powered feasibility design reporting efficacy comparisons,covidence_464_verified.pdf,ROB2_RESULT_SPECIFIC_ADOPTED,John Ryan N. Mendoza (review lead),2026-09-08,"Adopted by the review lead's direction on 2026-09-08. Domain judgements and rationale are the source-evidence extraction, unchanged by adoption."
Yang 2024,Time to first defecation,Postoperative,GI recovery,Perioperative EA + usual care,Usual care,90,90,90,90,Low,Some concerns,Low,High,Low,High,"D1: 'Patients were randomly assigned to either usual care (UC) or EA group by computer-generated codes and sequentially numbered, opaque envelopes'. D2 SOME CONCERNS: open-label against usual care — 'Given the characteristic of EA, the acupuncturist and patients were aware of the treatment allocation' — though 'anesthetists, assessors, the data collector as well as statisticians were blinded' and 'We conducted our analyses using the intention-to-treat principles'. D3 LOW: ITT with 90 per group; 3 documented withdrawals (declined further EA, no PVB, conversion to open surgery). D5 LOW: registered ChiCTR1900024840; 'Primary outcomes of this study were time to first flatus and first defecation' — both are the pre-specified co-primary outcomes. D4 HIGH for THIS result: 'Times to first flatus and defecation measured in hours were recorded by the patients and then reported to our research assistant' — the timing is self-reported by participants who knew their allocation, and the authors concede that 'Because sham EA was not used in this study, the inadvertent interaction between assessors and patient in the UC group may affect the results'. Blinding the downstream assessor does not remedy an unblinded self-report. Specific to defecation: the authors further note that 'time to first defecation might simply reflect rectal emptying and provide no reliable information on the recovery of whole gut', and participants without flatus by 72 h were instructed to use laxatives, a co-intervention that acts directly on the timing of this endpoint.",,covidence_1930_full_article.pdf,ROB2_RESULT_SPECIFIC_ADOPTED,John Ryan N. Mendoza (review lead),2026-09-08,"Adopted by the review lead's direction on 2026-09-08. Domain judgements and rationale are the source-evidence extraction, unchanged by adoption."
Yang 2024,Time to first flatus,Postoperative,GI recovery,Perioperative EA + usual care,Usual care,90,90,90,90,Low,Some concerns,Low,High,Low,High,"D1: 'Patients were randomly assigned to either usual care (UC) or EA group by computer-generated codes and sequentially numbered, opaque envelopes'. D2 SOME CONCERNS: open-label against usual care — 'Given the characteristic of EA, the acupuncturist and patients were aware of the treatment allocation' — though 'anesthetists, assessors, the data collector as well as statisticians were blinded' and 'We conducted our analyses using the intention-to-treat principles'. D3 LOW: ITT with 90 per group; 3 documented withdrawals (declined further EA, no PVB, conversion to open surgery). D5 LOW: registered ChiCTR1900024840; 'Primary outcomes of this study were time to first flatus and first defecation' — both are the pre-specified co-primary outcomes. D4 HIGH for THIS result: 'Times to first flatus and defecation measured in hours were recorded by the patients and then reported to our research assistant' — the timing is self-reported by participants who knew their allocation, and the authors concede that 'Because sham EA was not used in this study, the inadvertent interaction between assessors and patient in the UC group may affect the results'. Blinding the downstream assessor does not remedy an unblinded self-report. Specific to flatus: this endpoint has no external corroboration at all — unlike defecation it leaves no observable trace for a nurse to confirm — and the authors acknowledge that 'time to first flatus is difficult to assess accurately'. The reported between-group difference is 1.6 h on a self-reported timing.",,covidence_1930_full_article.pdf,ROB2_RESULT_SPECIFIC_ADOPTED,John Ryan N. Mendoza (review lead),2026-09-08,"Adopted by the review lead's direction on 2026-09-08. Domain judgements and rationale are the source-evidence extraction, unchanged by adoption."
Zheng 2025,Time to first flatus,Postoperative,GI recovery,Perioperative TEAS,Sham/no current,42.0,43.0,44.0,44.0,Some concerns,Some concerns,Low,Some concerns,Low,Some concerns,"D1 SOME CONCERNS: allocation was by thresholding a seeded uniform random number — 'A fixed seed number (eg, 12345) was preset to generate random numbers ranging between 0 and 1. Participants with a random number <=0.5 were assigned to the experimental group' — a method that cannot guarantee the stated 1:1 ratio, yet exactly 44 and 44 were allocated; the described method and the reported allocation are inconsistent. Concealment itself is adequate: 'concealed in sequentially numbered, opaque, sealed envelopes, which were opened only at the time of anesthesia induction'. D2 SOME CONCERNS: single-blind by design — 'the anesthesiologists were unblinded due to the nature of the intervention', which the authors list as a limitation ('the single-blind design may introduce performance bias'); participants and outcome assessors were blinded and a mITT analysis was used. D3 LOW: 3 of 88 excluded under pre-specified withdrawal criteria (2 procedure change, 1 procedure exceeding 3 hours). D4 SOME CONCERNS for THIS result: participants and outcome assessors were blinded, which protects the measurement; but the report defines the endpoint incorrectly — 'The time to first flatus was the time between the end of surgery and the first stools passed by the participants' — while separately tabulating time to first borborygmus, so what was actually measured under this label is uncertain. A second, independent reviewer confirmed on 2026-09-09 that this endpoint-identity problem cannot be resolved from the published report alone and recommended the review team decide, from the registry or by contacting the authors, whether this result should be held out of flatus-specific pooling pending clarification; that pooling decision is a team call, not one this pipeline makes unilaterally. D5 LOW: registered with the Chinese Clinical Trial Registry; 'time to first flatus' is explicitly named among the secondary outcomes.",endpoint defined as 'first stools passed' under a flatus label; independently confirmed 2026-09-09 as unresolved from the source alone,109499.pdf,ROB2_RESULT_SPECIFIC_ADOPTED,John Ryan N. Mendoza (review lead),2026-09-09,"Adopted by the review lead's direction on 2026-09-08 and re-confirmed on 2026-09-09 after a second, independent reviewer re-read the mapped source PDF against this study's pre-existing source-QC flag and reported back findings, which this pipeline verified against its own extracted data before updating the rationale above. Domain judgements remain the source-evidence extraction; standard Cochrane RoB 2 practice calls for two independent assessors reconciling disagreement, and this second reading is recorded as that reconciliation step."
Zheng 2025,Total intraoperative remifentanil consumption,Intraoperative,Intraoperative opioid,Perioperative TEAS,Sham/no current,42,43,44,44,Some concerns,Some concerns,Low,High,Some concerns,High,"D1 SOME CONCERNS: allocation was by thresholding a seeded uniform random number — 'A fixed seed number (eg, 12345) was preset to generate random numbers ranging between 0 and 1. Participants with a random number <=0.5 were assigned to the experimental group' — a method that cannot guarantee the stated 1:1 ratio, yet exactly 44 and 44 were allocated; the described method and the reported allocation are inconsistent. Concealment itself is adequate: 'concealed in sequentially numbered, opaque, sealed envelopes, which were opened only at the time of anesthesia induction'. D2 SOME CONCERNS: single-blind by design — 'the anesthesiologists were unblinded due to the nature of the intervention', which the authors list as a limitation ('the single-blind design may introduce performance bias'); participants and outcome assessors were blinded and a mITT analysis was used. D3 LOW: 3 of 88 excluded under pre-specified withdrawal criteria (2 procedure change, 1 procedure exceeding 3 hours). D4 HIGH for THIS result: intraoperative remifentanil is titrated and recorded by the anaesthesiologist, and the anaesthesiologists are precisely the personnel the report states were NOT blinded — the outcome is set by an unblinded clinician's own dosing decisions. The blinding of 'outcome assessors and data analysts' does not reach an intraoperative dose determined by the unblinded treating clinician. D5 SOME CONCERNS: the pre-specified primary outcome is PONV within 24 h and the named secondary outcomes are QoR-40, PSQI, NRS, PCIA usage, gastrointestinal function recovery, adverse events, time to first flatus and length of stay; intraoperative remifentanil consumption is not among them.",result not among pre-specified outcomes; unblinded dose-setter is the outcome recorder,109499.pdf,ROB2_RESULT_SPECIFIC_ADOPTED,John Ryan N. Mendoza (review lead),2026-09-09,"Adopted by the review lead's direction on 2026-09-08 and re-confirmed on 2026-09-09 after a second, independent reviewer re-read the mapped source PDF against this study's pre-existing source-QC flag and reported back findings, which this pipeline verified against its own extracted data before updating the rationale above. Domain judgements remain the source-evidence extraction; standard Cochrane RoB 2 practice calls for two independent assessors reconciling disagreement, and this second reading is recorded as that reconciliation step."
Zhou 2025,Time to first flatus,Postoperative,GI recovery,PACU TEAS,Sham/no current,48,49,50,50,Low,Low,Low,Low,Low,Low,"D1: 'randomization into either the TEAS or Sham group at a 1:1 ratio, utilizing a computer-generated randomization sequence'; 'Allocation was concealed using sequentially numbered, sealed, opaque envelopes'. D2: 'single-center, randomized, double-blinded, sham-controlled trial'; 'Patients, anesthesiologists, surgeons, and data collectors remained blinded to group allocation'; the acupuncturist could not be blinded but 'adhered to a standardized interaction protocol for both groups', with 'scripted explanations, identical application of electrodes and device operation, and neutral responses to inquiries'. D3: 97 of 100 randomised completed (3%), 48/49 analysed. D4: participants were blinded by a credible sham and 'time to first flatus' was collected by blinded data collectors as one of the pre-defined recovery times. D5: registered ChiCTR2200055338 on 7 January 2022; QoR-15 is the primary outcome and time to first flatus is explicitly listed under the secondary 'Recovery times'.",,105119.pdf,ROB2_RESULT_SPECIFIC_ADOPTED,John Ryan N. Mendoza (review lead),2026-09-08,"Adopted by the review lead's direction on 2026-09-08. Domain judgements and rationale are the source-evidence extraction, unchanged by adoption."
Zhu 2022,Intraoperative remifentanil,Intraoperative,Intraoperative opioid,EA day before surgery,Usual care alone,101,101,103,104,Some concerns,Some concerns,Low,Low,Some concerns,Some concerns,"D1 SOME CONCERNS: the sequence was sound — 'randomly assigned to one of the following four groups using a computer-generated randomization sequence and secure code', 'printed and stored in sequentially numbered, opaque, sealed envelopes' — but the allocation step defeats it: 'Eligible participants chose one envelope, which was opened by the acupuncturist'. Letting the participant select an envelope from a set abandons the sequential order the concealment depends on. D2 SOME CONCERNS: assessor-blinded only, with a usual-care comparator and no sham, so participants and the acupuncturist were aware of allocation; 'All clinical outcome measures were conducted by a research nurse who was blinded to group allocation' and an ITT analysis is reported alongside the per-protocol one. D3 LOW: 13 of 413 (3.1%) excluded with documented reasons (3 lost to follow-up, 2 did not complete the intervention, 8 converted to open surgery); missing data handled by an expectation-maximization procedure. D4 LOW for THIS result: 'Neither the anesthetists/surgeons nor the assessors were aware of the group allocation', so the intraoperative opioid dose was set and recorded by blinded clinicians. D5 SOME CONCERNS: registered ChiCTR-INR-16010035 with a published protocol; 'The primary outcome measures were the incidence of PON and POV at 6-24 h after surgery, and pain on movement at 24 h', and the secondary outcomes are itemised — intraoperative remifentanil and sufentanil are not among either list and appear in Table 1 as anaesthetic characteristics. Specific to remifentanil: it is the infused intraoperative opioid, titrated continuously by the blinded anaesthetist against depth of anaesthesia, so the recorded total reflects that clinician's titration over the whole case rather than a single discrete dosing decision.",result not among pre-specified outcomes,covidence_381_full_article.pdf,ROB2_RESULT_SPECIFIC_ADOPTED,John Ryan N. Mendoza (review lead),2026-09-08,"Adopted by the review lead's direction on 2026-09-08. Domain judgements and rationale are the source-evidence extraction, unchanged by adoption."
Zhu 2022,Intraoperative sufentanil,Intraoperative,Intraoperative opioid,EA day before surgery,Usual care alone,101,101,103,104,Some concerns,Some concerns,Low,Low,Some concerns,Some concerns,"D1 SOME CONCERNS: the sequence was sound — 'randomly assigned to one of the following four groups using a computer-generated randomization sequence and secure code', 'printed and stored in sequentially numbered, opaque, sealed envelopes' — but the allocation step defeats it: 'Eligible participants chose one envelope, which was opened by the acupuncturist'. Letting the participant select an envelope from a set abandons the sequential order the concealment depends on. D2 SOME CONCERNS: assessor-blinded only, with a usual-care comparator and no sham, so participants and the acupuncturist were aware of allocation; 'All clinical outcome measures were conducted by a research nurse who was blinded to group allocation' and an ITT analysis is reported alongside the per-protocol one. D3 LOW: 13 of 413 (3.1%) excluded with documented reasons (3 lost to follow-up, 2 did not complete the intervention, 8 converted to open surgery); missing data handled by an expectation-maximization procedure. D4 LOW for THIS result: 'Neither the anesthetists/surgeons nor the assessors were aware of the group allocation', so the intraoperative opioid dose was set and recorded by blinded clinicians. D5 SOME CONCERNS: registered ChiCTR-INR-16010035 with a published protocol; 'The primary outcome measures were the incidence of PON and POV at 6-24 h after surgery, and pain on movement at 24 h', and the secondary outcomes are itemised — intraoperative remifentanil and sufentanil are not among either list and appear in Table 1 as anaesthetic characteristics. Specific to sufentanil: it is given as bolus doses at induction and during maintenance, so the recorded total is a small number of discrete decisions by the blinded anaesthetist and is correspondingly more sensitive to case-mix than to the intervention. As with remifentanil, it is tabulated in Table 1 as an anaesthetic characteristic.",result not among pre-specified outcomes,covidence_381_full_article.pdf,ROB2_RESULT_SPECIFIC_ADOPTED,John Ryan N. Mendoza (review lead),2026-09-08,"Adopted by the review lead's direction on 2026-09-08. Domain judgements and rationale are the source-evidence extraction, unchanged by adoption."
