Canonicalstudy,Reconciliationbatch,Solreconciliationstatus,Solsourcecorrectionnote,Identitycorrection,Antigravitystudylabel,Antigravitystudykey,CovidenceinternalID,Candidatesourceresultsummary,Knownfabricatedpayloadsignatu,Antigravityauthorcontactflag,CorrectedRoB2complete,CorrectedselectedRoBresult,Correctedresulttimepoint,CorrectedoverallRoB2,Analysisreadiness,Masteruserule,Sourcesummarystatus,Sourcehierarchy,Projectsourcefolder,Reconciliationindex,Sourcenormalizedoutcomerows
Zhu 2022,Batch 19,FULL REPLACEMENT,Jin-labeled RoB is a different 103-patient morphine trial; true source is four-arm 413-randomized gynecologic EA/PONV study.,,Zhu 2022,381,1879896528,**Pain intensity during movement at 24h (NRS 0-10) (PRIMARY)**: Group Pre (n=101) 1.15 ± 1.02 vs Group 30 (n=98) 1.12 ± 1.03 vs Group Comb (n=100) 1.17 ± 1.1...,Yes,Yes,Yes,Postoperative vomiting,6-24 h,Some concerns,PARTIAL — selected RoB corrected; multi-arm outcome rows added,Use arm-specific denominators; shared usual-care comparator requires multi-arm handling,SOURCE-NORMALIZED OUTCOME ROWS ADDED,Source PDF / supplement / protocol / registration > reconciled source extraction > derivative model output,https://drive.google.com/drive/folders/1EWdZyTQjPSuoxt8n1nIr1t8D98PC-mso,https://docs.google.com/document/d/1hR0UuZSmPpwZi384Vzn3sZt5Y5_ZwYxW6b3u4nq2-40/edit,6
Zhou 2025,Batch 16,FULL REPLACEMENT,"Wrong analyzed n, acupoints/frequency, QoR-15 values and complete-data claim.",Antigravity 'Gao 2018' row rejected; Zhou 2025 restored from source-grounded extraction,(Antigravity matrix omitted/misidentified),,,"Source-grounded correction: 100 randomized (50/group), 97 analyzed (48 TEAS, 49 sham). Primary QoR-15 on POD1: 112.00 ± 10.67 vs 107.62 ± 10.27 (P=0.042). POD1 resting VAS median 3 (3-4) vs 4 (4-5); POD1 PONV 10/48 vs 19/49. Exact 0-24 h opioid dose/MME not reported; rescue tramadol only reported as POD1-3 binary use 6/48 vs 13/49.",No,No,Yes,Global QoR-15,POD1,High,PARTIAL — selected RoB corrected; source-normalized outcomes added,QoR-15 usable; exact 0-24 h opioid dose remains unreported,SOURCE-NORMALIZED OUTCOME ROWS ADDED,Source PDF / supplement / protocol / registration > reconciled source extraction > derivative model output,https://drive.google.com/drive/folders/1EWdZyTQjPSuoxt8n1nIr1t8D98PC-mso,https://docs.google.com/document/d/1hR0UuZSmPpwZi384Vzn3sZt5Y5_ZwYxW6b3u4nq2-40/edit,6
Zhou 2021,Batch 9,FULL REPLACEMENT,"Stored RoB changes journal/design/sham, intervention and flatus result.",,Zhou 2021,433,1879896611,**Cumulative postoperative systemic opioid consumption (equivalent dose of morphine in mg / IV MME) (PRIMARY)**: TG (n=41) 8.94 ± 3.66 mg vs CG Usual care (n...,Yes,Yes,Yes,Time to first flatus,Postoperative,High,PARTIAL — selected RoB corrected; source-normalized outcomes added,GI result usable with high RoB; opioid-equivalent result not strict 0-24 h,SOURCE-NORMALIZED OUTCOME ROWS ADDED,Source PDF / supplement / protocol / registration > reconciled source extraction > derivative model output,https://drive.google.com/drive/folders/1EWdZyTQjPSuoxt8n1nIr1t8D98PC-mso,https://docs.google.com/document/d/1hR0UuZSmPpwZi384Vzn3sZt5Y5_ZwYxW6b3u4nq2-40/edit,2
Zheng 2025,Batch 15,FULL REPLACEMENT,"Invented 80/80 complete trial, postoperative session and PONV counts.",,Zheng 2025,72,1879896014,"**Pain intensity at rest at 24h (NRS 0-10) (PRIMARY)**: TEAS (n=42) 1.70 ± 0.80 vs Sham TEAS (n=43) 2.20 ± 1.10 (P = 0.042*) [MD -0.50, 95% CI -0.91 to -0.09...",Yes,Yes,Yes,Any PONV,Within 24 h,Some concerns,PARTIAL — selected RoB corrected; source-normalized outcomes added,Use reported percentages; 24-h postoperative sufentanil mass remains unavailable,SOURCE-NORMALIZED OUTCOME ROWS ADDED,Source PDF / supplement / protocol / registration > reconciled source extraction > derivative model output,https://drive.google.com/drive/folders/1EWdZyTQjPSuoxt8n1nIr1t8D98PC-mso,https://docs.google.com/document/d/1hR0UuZSmPpwZi384Vzn3sZt5Y5_ZwYxW6b3u4nq2-40/edit,4
Zhan 2020,Batch 6,FULL REPLACEMENT,Stored RoB invents sham structure and 24-h sufentanil endpoint not reported by source.,,Zhan 2020,1389,1881841076,"**Pain intensity at rest at 24h (VAS 0-10) (PRIMARY)**: TAP+TEAS (n=30) 1.70 ± 2.20 vs TAP Control (n=30) 2.00 ± 3.00 (P = 0.03*) [MD -0.30, 95% CI -1.63 to ...",Yes,Yes,Yes,VAS pain intensity,24 h,High,PARTIAL — selected RoB corrected; source-normalized QC rows added,Pain source format remains ambiguous; actual 24-h opioid consumption not reported,SOURCE-NORMALIZED OUTCOME ROWS ADDED,Source PDF / supplement / protocol / registration > reconciled source extraction > derivative model output,https://drive.google.com/drive/folders/1EWdZyTQjPSuoxt8n1nIr1t8D98PC-mso,https://docs.google.com/document/d/1hR0UuZSmPpwZi384Vzn3sZt5Y5_ZwYxW6b3u4nq2-40/edit,2
Zhang 2025,Batch 15,FULL REPLACEMENT,"Changes surgery, sample, acupoints/schedule and pain/opioid results.",,Zhang 2025,71,1879896013,**Cumulative postoperative systemic opioid consumption at 24h (total sufentanil in IV MME) (PRIMARY)**: TEAS (n=45) 50.53 ± 4.46 mg vs Control Sham TEAS (n=4...,Yes,Yes,Yes,Total sufentanil consumption,POD1 (~24 h),High,PARTIAL — selected RoB corrected; source-normalized outcomes added,POD1 sufentanil is directly reported but strict 0-24-h clock window needs confirmation,SOURCE-NORMALIZED OUTCOME ROWS ADDED,Source PDF / supplement / protocol / registration > reconciled source extraction > derivative model output,https://drive.google.com/drive/folders/1EWdZyTQjPSuoxt8n1nIr1t8D98PC-mso,https://docs.google.com/document/d/1hR0UuZSmPpwZi384Vzn3sZt5Y5_ZwYxW6b3u4nq2-40/edit,3
Zhang 2023,Batch 12,FULL REPLACEMENT,Changes sample/analysis/intervention and fabricates first-voiding result.,,Zhang 2023,308,1879896412,**Cumulative postoperative systemic opioid consumption within 48h (IV MME)**: TEAS (n=922) median 110.0 mg (IQR 80.0-110.0) vs Sham TEAS (n=916) median 110.0...,Yes,Yes,Yes,Time to first spontaneous void,Postoperative,High,PARTIAL — selected RoB corrected; source-normalized urinary/opioid rows added,Use Table 2 median 7.1 h for sham; 24-h opioid dose remains unavailable,SOURCE-NORMALIZED OUTCOME ROWS ADDED,Source PDF / supplement / protocol / registration > reconciled source extraction > derivative model output,https://drive.google.com/drive/folders/1EWdZyTQjPSuoxt8n1nIr1t8D98PC-mso,https://docs.google.com/document/d/1hR0UuZSmPpwZi384Vzn3sZt5Y5_ZwYxW6b3u4nq2-40/edit,5
Zhang 2014,Batch 4,FULL REPLACEMENT,RoB describes a different trial and QoR-40 endpoint.,,Zhang 2014,711,1879897091,"**Intraoperative systemic remifentanil consumption rate (µg/kg/min)**: TEAS (n=33) 0.06 ± 0.02 vs Sham TEAS (n=32) 0.09 ± 0.03 (P = 0.01*) [MD -0.03, 95% CI ...",Yes,Yes,Yes,Recovery-room stay,Recovery-room discharge,Some concerns,PARTIAL — selected RoB corrected; source-normalized recovery/intraop-opioid rows added,Use flowchart 65 randomized/analyzed; no exact postoperative 24-h opioid total,SOURCE-NORMALIZED OUTCOME ROWS ADDED,Source PDF / supplement / protocol / registration > reconciled source extraction > derivative model output,https://drive.google.com/drive/folders/1EWdZyTQjPSuoxt8n1nIr1t8D98PC-mso,https://docs.google.com/document/d/1hR0UuZSmPpwZi384Vzn3sZt5Y5_ZwYxW6b3u4nq2-40/edit,5
Yu 2020,Batch 6,FULL REPLACEMENT,Changes protocol/result and incorrectly treats retrospective registration as prospective.,,Yu 2020,483,1879896692,"**Pain intensity at rest at 24h (VAS 0-10) (PRIMARY)**: TEAS (n=30) 3.70 ± 1.53 vs Con Sham TEAS (n=30) 4.73 ± 1.53 (P < 0.05*) [MD -1.03, 95% CI -1.81 to -0...",Yes,Yes,Yes,Global QoR-40,POD1 (~24 h),High,PARTIALLY READY — corrected RoB available for one selected result; confirm outcome matches planned synthesis,Use source data; DO NOT use original stored RoB. Rebuild result-specific RoB.,Candidate summary from Antigravity report; use only after source-level confirmation,Source PDF / supplement / protocol / registration > reconciled source extraction > derivative model output,https://drive.google.com/drive/folders/1EWdZyTQjPSuoxt8n1nIr1t8D98PC-mso,https://docs.google.com/document/d/1hR0UuZSmPpwZi384Vzn3sZt5Y5_ZwYxW6b3u4nq2-40/edit,1
Yeh 2010,Batch 2,SPECIAL / SOURCE-QC,Probable/possible cohort overlap with Yeh 2011; epidural morphine route requires clarification before systemic MME use.,,Yeh 2010,828,1879897280,**Cumulative postoperative systemic opioid consumption at 24h (PRIMARY)**: AES (n=30) 19.3 ± 9.7 mg vs Sham AES (n=30) 21.6 ± 13.1 mg (P = 0.443) [MD -2.30 m...,Yes,Yes,Yes,24-h morphine PCA dose,First 24 postoperative hours,Some concerns,SOURCE-NORMALIZED — DUPLICATE/OVERLAP HOLD,Do not count independently from Yeh 2011 until cohort overlap is resolved; PCA route is printed as epidural.,SOURCE-NORMALIZED OUTCOME ROWS ADDED,Source PDF / supplement / protocol / registration > reconciled source extraction > derivative model output,https://drive.google.com/drive/folders/1EWdZyTQjPSuoxt8n1nIr1t8D98PC-mso,https://docs.google.com/document/d/1hR0UuZSmPpwZi384Vzn3sZt5Y5_ZwYxW6b3u4nq2-40/edit,2
Yeh 2011,Batch 2,SPECIAL / SOURCE-QC,Possible cohort overlap with Yeh 2010; do not count both as independent until resolved.,Yeh 2010 (ATHM) → Yeh 2011,Yeh 2010 (ATHM),823,1879897273,**Cumulative postoperative systemic opioid consumption at 24h (PRIMARY)**: EG1 True AES (n=33) 18.6 ± 9.7 mg vs EG2 Sham AES (n=30) 21.6 ± 13.1 mg (P = 0.364...,Yes,Yes,Yes,24-h IV morphine PCA dose,First 24 postoperative hours,Some concerns,SOURCE-NORMALIZED — DUPLICATE/OVERLAP HOLD,Do not count independently from Yeh 2010 until cohort overlap is resolved.,SOURCE-NORMALIZED OUTCOME ROWS ADDED,Source PDF / supplement / protocol / registration > reconciled source extraction > derivative model output,https://drive.google.com/drive/folders/1EWdZyTQjPSuoxt8n1nIr1t8D98PC-mso,https://docs.google.com/document/d/1hR0UuZSmPpwZi384Vzn3sZt5Y5_ZwYxW6b3u4nq2-40/edit,2
Yao 2015,Batch 4,FULL REPLACEMENT,"RoB changes sample, intervention and QoR-40 values.",,Yao 2015,671,1879897026,"**Quality of recovery (QoR-40 global score at 24h) (PRIMARY)**: TEAS (n=35) 176.5 ± 10.2 vs Sham TEAS (n=36) 164.8 ± 14.7 (P < 0.001*) [MD 11.70, 95% CI 5.80...",Yes,Yes,Yes,Global QoR-40,24 h,High,PARTIALLY READY — corrected RoB available for one selected result; confirm outcome matches planned synthesis,Use source data; DO NOT use original stored RoB. Rebuild result-specific RoB.,Candidate summary from Antigravity report; use only after source-level confirmation,Source PDF / supplement / protocol / registration > reconciled source extraction > derivative model output,https://drive.google.com/drive/folders/1EWdZyTQjPSuoxt8n1nIr1t8D98PC-mso,https://docs.google.com/document/d/1hR0UuZSmPpwZi384Vzn3sZt5Y5_ZwYxW6b3u4nq2-40/edit,1
Yang 2020,Batch 20,FULL REPLACEMENT,Wang-labeled RoB is a fabricated laparoscopic-cholecystectomy sham trial; true source is open-label VATS EA/usual-care study.,,Yang 2020,464,1879896661,"**Postoperative nausea incidence 0-24h (PRIMARY)**: EA (n=29) 8/29 (27.59%) vs Usual care (n=28) 8/28 (28.57%) (P = 0.934) [RR 0.97, 95% CI 0.42 to 2.24]. **...",Yes,Yes,Yes,Time to first postoperative flatus,Time to event,Some concerns,PARTIALLY READY — corrected RoB available for one selected result; confirm outcome matches planned synthesis,Use source data; DO NOT use original stored RoB. Rebuild result-specific RoB.,Candidate summary from Antigravity report; use only after source-level confirmation,Source PDF / supplement / protocol / registration > reconciled source extraction > derivative model output,https://drive.google.com/drive/folders/1EWdZyTQjPSuoxt8n1nIr1t8D98PC-mso,https://docs.google.com/document/d/1hR0UuZSmPpwZi384Vzn3sZt5Y5_ZwYxW6b3u4nq2-40/edit,1
Yang 2024,Batch 14,FULL REPLACEMENT,"Zhang-labeled RoB changes study identity, surgery, comparator, blinding and PONV result.",Yang 2023 → Yang 2024,Yang 2023,252,1879896323,**Cumulative postoperative systemic opioid consumption on POD 1 (24h) (PRIMARY)**: EA (n=90) 43.7 ± 4.7 mg vs Usual care (n=90) 44.0 ± 4.9 mg (P = 0.733) [MD...,Yes,Yes,Yes,Morphine use via IV PCA,First 24 h / POD1,Some concerns,PARTIAL — selected RoB corrected; exact 24-h morphine row added,Exact 24-h morphine endpoint is directly usable; retain open-label design in interpretation,SOURCE-NORMALIZED OUTCOME ROWS ADDED,Source PDF / supplement / protocol / registration > reconciled source extraction > derivative model output,https://drive.google.com/drive/folders/1EWdZyTQjPSuoxt8n1nIr1t8D98PC-mso,https://docs.google.com/document/d/1hR0UuZSmPpwZi384Vzn3sZt5Y5_ZwYxW6b3u4nq2-40/edit,4
Xiong 2021,Batch 7,RE-ADJUDICATE,"Correct study/result, but cointervention doses, caregiver awareness, baseline evidence and prespecification handling are wrong.",,Xiong 2021,431,1879896608,"**Composite PONV incidence 0-24h (PRIMARY)**: TEAS (n=31) 12/31 (38.7%) vs Sham TEAS (n=31) 24/31 (77.4%) (P = 0.002*) [RR 0.50, 95% CI 0.31 to 0.81]. **Comp...",Yes,Yes,Yes,Any PONV,Within 48 h,Some concerns,PARTIAL — source-matched RoB re-adjudicated; PONV/opioid rows added,48-h PONV usable; postoperative opioid-equivalent window remains unclear,SOURCE-NORMALIZED OUTCOME ROWS ADDED,Source PDF / supplement / protocol / registration > reconciled source extraction > derivative model output,https://drive.google.com/drive/folders/1EWdZyTQjPSuoxt8n1nIr1t8D98PC-mso,https://docs.google.com/document/d/1hR0UuZSmPpwZi384Vzn3sZt5Y5_ZwYxW6b3u4nq2-40/edit,5
Xing 2022,Batch 10,FULL REPLACEMENT,Attached Wang RoB is a different colorectal trial with fabricated flatus values.,,Xing 2022,338,1879896460,"**Pain intensity at rest at 24h (PRIMARY)**: TEAS+TAPB (n=29) 1.18 ± 0.42 vs Sham TEAS+TAPB (n=29) 1.40 ± 0.52 (P < 0.05*) [MD -0.22, 95% CI -0.46 to 0.02]; ...",Yes,Yes,Yes,Total intraoperative remifentanil consumption,Intraoperative,Some concerns,PARTIAL — selected RoB corrected; three-arm incremental TEAS rows added,Use NTG vs NG for TEAS-specific effect; exact 24-h postoperative sufentanil remains unavailable,SOURCE-NORMALIZED OUTCOME ROWS ADDED,Source PDF / supplement / protocol / registration > reconciled source extraction > derivative model output,https://drive.google.com/drive/folders/1EWdZyTQjPSuoxt8n1nIr1t8D98PC-mso,https://docs.google.com/document/d/1hR0UuZSmPpwZi384Vzn3sZt5Y5_ZwYxW6b3u4nq2-40/edit,6
Xie 2014,Batch 4,FULL REPLACEMENT,Stored RoB describes a different laparoscopic-cholecystectomy trial/result.,,Xie 2014,701,1879897074,**Cumulative postoperative systemic opioid consumption through POD 3 (PRIMARY)**: EAS (n=20) 115.0 ± 6.0 µg vs Sham EA (n=20) 133.5 ± 7.0 µg (P < 0.05*) [MD ...,Yes,Yes,Yes,Total postoperative/perioperative sufentanil,Study PCA period,Some concerns,PARTIAL — selected RoB corrected; total-sufentanil and demand rows added,Do not relabel total sufentanil as 24-h; preserve three arms and unresolved PCA time window,SOURCE-NORMALIZED OUTCOME ROWS ADDED,Source PDF / supplement / protocol / registration > reconciled source extraction > derivative model output,https://drive.google.com/drive/folders/1EWdZyTQjPSuoxt8n1nIr1t8D98PC-mso,https://docs.google.com/document/d/1hR0UuZSmPpwZi384Vzn3sZt5Y5_ZwYxW6b3u4nq2-40/edit,4
Wu 2022,Batch 9,FULL REPLACEMENT,Gemini and attached Xiao RoB are cross-contaminated with different studies.,,Wu 2022,332,1879896450,"**Pain intensity at 24h (PRIMARY)**: pTEAS (n=44) 1.77 ± 0.91 vs Control (n=40) 2.25 ± 0.71 (P = 0.009*) [MD -0.48, 95% CI -0.83 to -0.13]. **Pain intensity ...",Yes,Yes,Yes,VAS pain intensity,POD1,High,PARTIAL — selected RoB corrected; pain/intraop-opioid rows added,Do not infer 24-h postoperative opioid consumption; asymmetric attrition materially affects subjective outcomes,SOURCE-NORMALIZED OUTCOME ROWS ADDED,Source PDF / supplement / protocol / registration > reconciled source extraction > derivative model output,https://drive.google.com/drive/folders/1EWdZyTQjPSuoxt8n1nIr1t8D98PC-mso,https://docs.google.com/document/d/1hR0UuZSmPpwZi384Vzn3sZt5Y5_ZwYxW6b3u4nq2-40/edit,4
Wu 2025,Batch 15,FULL REPLACEMENT,"Changes surgery/protocol, pain values and falsely claims complete 24-h follow-up.",,Wu 2025,122,1879896116,"**Pain intensity at rest at 24h (PRIMARY)**: TEAS (n=50) 1.7 ± 0.9 vs Sham TEAS (n=50) 4.0 ± 1.4 (P < 0.001*) [MD -2.30, 95% CI -2.76 to -1.84]. **Pain inten...",Yes,Yes,Yes,VAS pain intensity,24 h,High,PARTIAL — selected RoB corrected; exact 24-h pain and missing-opioid rows added,24-h pain usable with high RoB; continuous 24-h MME cannot be calculated from mixed rescue regimen,SOURCE-NORMALIZED OUTCOME ROWS ADDED,Source PDF / supplement / protocol / registration > reconciled source extraction > derivative model output,https://drive.google.com/drive/folders/1EWdZyTQjPSuoxt8n1nIr1t8D98PC-mso,https://docs.google.com/document/d/1hR0UuZSmPpwZi384Vzn3sZt5Y5_ZwYxW6b3u4nq2-40/edit,5
Wong 2006,Batch 3,SPECIAL / SOURCE-QC,POD labels are not exact 0–24-h intervals; two sham-only post-randomization exclusions; scheduled non-morphine opioid exposure.,,Wong 2006,912,1879897414,"**Postoperative systemic opioid consumption Day 1 (24h) (PRIMARY)**: EA (n=13) 18.0 ± 8.8 mg vs Sham EA (n=12) 18.8 ± 9.8 mg [MD -0.80 mg, 95% CI -8.14 to 6....",Yes,Yes,Yes,Total IV PCA morphine,First 3 postoperative days,High,SOURCE-NORMALIZED — EXACT 24H ENDPOINT UNAVAILABLE,Calendar Day 0/1/2 values are not exact consecutive 24-h windows; scheduled dextropropoxyphene adds opioid exposure.,SOURCE-NORMALIZED OUTCOME ROWS ADDED,Source PDF / supplement / protocol / registration > reconciled source extraction > derivative model output,https://drive.google.com/drive/folders/1EWdZyTQjPSuoxt8n1nIr1t8D98PC-mso,https://docs.google.com/document/d/1hR0UuZSmPpwZi384Vzn3sZt5Y5_ZwYxW6b3u4nq2-40/edit,5
Wang 2023,Batch 12,FULL REPLACEMENT,"Stored sleep RoB changes sample, protocol and invents exact graph-only AIS values.",,Wang 2023,297,1879896394,"**Pain intensity during activity at 24h (PRIMARY)**: TEAS (n=40) 5.06 ± 0.91 vs Sham TEAS (n=43) 6.04 ± 1.05 (P < 0.05*) [MD -0.98, 95% CI -1.40 to -0.56]. *...",Yes,Yes,Yes,Postoperative sleep quality (PSQI/AIS),POD1,High,PARTIAL — selected RoB corrected; graph-only sleep/pain and rescue-dose rows added,Do not use fabricated exact AIS/PSQI values; formal digitization or author data required for continuous sleep outcomes,SOURCE-NORMALIZED OUTCOME ROWS ADDED,Source PDF / supplement / protocol / registration > reconciled source extraction > derivative model output,https://drive.google.com/drive/folders/1EWdZyTQjPSuoxt8n1nIr1t8D98PC-mso,https://docs.google.com/document/d/1hR0UuZSmPpwZi384Vzn3sZt5Y5_ZwYxW6b3u4nq2-40/edit,5
Wang 2024,Batch 13,FULL REPLACEMENT,RoB collapses stratified randomized contrasts and fabricates pooled 24-h PONV result.,,Wang 2024,212,1879896259,"**Composite PONV incidence 0–24h (PRIMARY)**: TEAS pooled (n=68) 19/68 (27.9%) vs Sham TEAS pooled (n=70) 30/70 (42.9%) (P = 0.065) [RR 0.65, 95% CI 0.41 to ...",Yes,Yes,Yes,PONV incidence (SNVP randomized contrast),12-24 h,High,PARTIAL — selected RoB corrected; stratified PONV/intraop-opioid rows added,Never pool SNVP and MNVP into a single randomized TEAS contrast; postoperative opioid endpoint absent,SOURCE-NORMALIZED OUTCOME ROWS ADDED,Source PDF / supplement / protocol / registration > reconciled source extraction > derivative model output,https://drive.google.com/drive/folders/1EWdZyTQjPSuoxt8n1nIr1t8D98PC-mso,https://docs.google.com/document/d/1hR0UuZSmPpwZi384Vzn3sZt5Y5_ZwYxW6b3u4nq2-40/edit,9
Tu 2024,Batch 13,RE-ADJUDICATE,Source-correct study/results; Domains 3 and 5 too optimistic given post-randomization exclusions and unverified exact prespecification.,Tu 2023 → Tu 2024,Tu 2023,244,1879896309,**Postoperative pain intensity at 6–24h (PRIMARY)**: TEAS (n=57) median 2 (IQR 0.5 to 3) [Wan mean 1.83 ± 1.85] vs Sham TEAS (n=58) median 4 (IQR 3 to 4) [Wa...,Yes,Yes,Yes,Vomiting incidence,2-6 h,High,PARTIAL — source-matched RoB re-adjudicated; vomiting/pain/rescue-opioid rows added,Binary rescue tramadol use is available; cumulative 24-h tramadol dose is not,SOURCE-NORMALIZED OUTCOME ROWS ADDED,Source PDF / supplement / protocol / registration > reconciled source extraction > derivative model output,https://drive.google.com/drive/folders/1EWdZyTQjPSuoxt8n1nIr1t8D98PC-mso,https://docs.google.com/document/d/1hR0UuZSmPpwZi384Vzn3sZt5Y5_ZwYxW6b3u4nq2-40/edit,5
Sun 2017,Batch 5,RE-ADJUDICATE,Correct study family but stored result is misclassified as 24-h opioid consumption; sham and attrition details need fresh assessment.,,Sun 2017,632,1879896963,**Pain intensity on movement 24h (PRIMARY)**: Group TST (n=89) median 3.0 (IQR 3.0 to 4.0) [Wan mean 3.33 ± 0.74] vs Group SSS (n=90) median 4.0 (IQR 3.8 to ...,Yes,Yes,Yes,Activity-evoked VAS,24 h,Some concerns,PARTIAL — source-matched RoB re-adjudicated; four-arm pain/NSAID-rescue rows added,"Postoperative rescue is NSAID, not opioid; preserve four timing arms and shared sham control",SOURCE-NORMALIZED OUTCOME ROWS ADDED,Source PDF / supplement / protocol / registration > reconciled source extraction > derivative model output,https://drive.google.com/drive/folders/1EWdZyTQjPSuoxt8n1nIr1t8D98PC-mso,https://docs.google.com/document/d/1hR0UuZSmPpwZi384Vzn3sZt5Y5_ZwYxW6b3u4nq2-40/edit,8
Sim 2002,Batch 3,SPECIAL / SOURCE-QC,Three randomized timing arms must remain separate; do not merge pre- and postoperative EA.,,Sim 2002,952,1879897479,**Cumulative 24h postoperative PCA morphine consumption (PRIMARY)**: Group II Preop EA (n=30) 0.52 ± 0.19 mg/kg (31.20 ± 11.40 mg) vs Group I Placebo EA (n=3...,Yes,Yes,Yes,Cumulative postoperative IV PCA morphine,0-24 h,Some concerns,PARTIAL — selected RoB corrected; three randomized timing arms preserved,Use weight-normalized 24-h morphine as reported; never merge preop and postop EA timing arms,SOURCE-NORMALIZED OUTCOME ROWS ADDED,Source PDF / supplement / protocol / registration > reconciled source extraction > derivative model output,https://drive.google.com/drive/folders/1EWdZyTQjPSuoxt8n1nIr1t8D98PC-mso,https://docs.google.com/document/d/1hR0UuZSmPpwZi384Vzn3sZt5Y5_ZwYxW6b3u4nq2-40/edit,4
Seevaunnamtum 2016,Batch 20,FULL REPLACEMENT,Correct article identity but wrong acupoints and wrong primary 24-h control morphine mean/SD/P value.,PraveenaSeevaunnamtum 2016 → Seevaunnamtum 2016,PraveenaSeevaunnamtum 2016,596,1879896891,**Cumulative 24h postoperative PCA morphine consumption (mg) (PRIMARY)**: EA Group (n=32) 21.38 ± 14.38 vs Control Group (n=32) 33.94 ± 20.24 (P = 0.006*) [M...,Yes,Yes,Yes,Cumulative IV PCA morphine,0-24 h,Some concerns,PARTIALLY READY — corrected RoB available for one selected result; confirm outcome matches planned synthesis,Use source data; DO NOT use original stored RoB. Rebuild result-specific RoB.,Candidate summary from Antigravity report; use only after source-level confirmation,Source PDF / supplement / protocol / registration > reconciled source extraction > derivative model output,https://drive.google.com/drive/folders/1EWdZyTQjPSuoxt8n1nIr1t8D98PC-mso,https://docs.google.com/document/d/1hR0UuZSmPpwZi384Vzn3sZt5Y5_ZwYxW6b3u4nq2-40/edit,1
Pan 2023,Batch 10,FULL REPLACEMENT,"Changes randomized n, sham structure, intervention and flatus distribution; ignores 15 post-randomization exclusions.",,Pan 2023,298,1879896396,"**Pain intensity on movement 24h (PRIMARY)**: Group T (TEAS, n=52) median 2 (IQR 2, 3) [Wan mean 2.33 ± 0.74] vs Group C (Control, n=53) median 3 (IQR 3, 4) ...",Yes,Yes,Yes,Time to first postoperative flatus,Time to event,High,PARTIALLY READY — corrected RoB available for one selected result; confirm outcome matches planned synthesis,Use source data; DO NOT use original stored RoB. Rebuild result-specific RoB.,Candidate summary from Antigravity report; use only after source-level confirmation,Source PDF / supplement / protocol / registration > reconciled source extraction > derivative model output,https://drive.google.com/drive/folders/1EWdZyTQjPSuoxt8n1nIr1t8D98PC-mso,https://docs.google.com/document/d/1hR0UuZSmPpwZi384Vzn3sZt5Y5_ZwYxW6b3u4nq2-40/edit,1
Ntritsou 2014,Batch 3,SPECIAL / SOURCE-QC,Distinguish total tramadol exposure from rescue analgesia; five clinically relevant post-randomization exclusions.,,Ntritsou 2014,729,1879897120,**Cumulative 24h postoperative tramadol consumption (mg) (PRIMARY)**: EA group (n=35) 443.7 ± 67.4 vs Sham group (n=35) 461.5 ± 63.2 (P = 0.257) [MD -17.80 m...,Yes,Yes,Yes,Total tramadol exposure,First 24 h most consistent with protocol,High,PARTIAL — selected RoB corrected; tramadol/remifentanil/rescue rows added,Total tramadol is not rescue-only; complete 24-h MME remains unresolved because rescue morphine quantity is missing,SOURCE-NORMALIZED OUTCOME ROWS ADDED,Source PDF / supplement / protocol / registration > reconciled source extraction > derivative model output,https://drive.google.com/drive/folders/1EWdZyTQjPSuoxt8n1nIr1t8D98PC-mso,https://docs.google.com/document/d/1hR0UuZSmPpwZi384Vzn3sZt5Y5_ZwYxW6b3u4nq2-40/edit,4
Ng 2013,Batch 2,SPECIAL / SOURCE-QC,No defensible exact cumulative 0–24-h opioid endpoint in source; preserve as secondary/descriptive unless exact window found.,Ng 2012 / 2013 → Ng 2013,Ng 2012 / 2013,775,1879897195,**Pain intensity Day 1 (~24h point assessment) (PRIMARY)**: EA group (n=55) 5.6 ± 2.0 vs Sham group (n=55) 5.8 ± 1.9 vs Usual care (n=55) 5.5 ± 2.3 (P = 0.65...,Yes,Yes,Yes,Time to first bowel motion,Postoperative,Some concerns,PARTIAL — selected RoB corrected; GI/pain/pethidine rows added,Pethidine injection count is not a 24-h dose; dosing and observation window require author clarification,SOURCE-NORMALIZED OUTCOME ROWS ADDED,Source PDF / supplement / protocol / registration > reconciled source extraction > derivative model output,https://drive.google.com/drive/folders/1EWdZyTQjPSuoxt8n1nIr1t8D98PC-mso,https://docs.google.com/document/d/1hR0UuZSmPpwZi384Vzn3sZt5Y5_ZwYxW6b3u4nq2-40/edit,6
Ma 2026,Batch 17,FULL REPLACEMENT,Partially randomized design converted into a conventional sham RCT; fabricated pain outcomes.,,Ma 2026,2,1879895855,"**Resting NRS pain 24h (PRIMARY)**: Group T (TEAS, n=17) 1.76 ± 0.67 vs Group S (Control, n=16) 2.64 ± 0.72 (P < 0.05) [MD -0.88, 95% CI -1.36 to -0.40]. **R...",Yes,Yes,Yes,Resting NRS pain,24 h,High,PARTIAL — selected RoB corrected; graph-only pain/sleep and 24-h PONV rows added,Use only randomized T vs S contrast; Group C is observational; exact pain/AIS values need digitization or author data,SOURCE-NORMALIZED OUTCOME ROWS ADDED,Source PDF / supplement / protocol / registration > reconciled source extraction > derivative model output,https://drive.google.com/drive/folders/1EWdZyTQjPSuoxt8n1nIr1t8D98PC-mso,https://docs.google.com/document/d/1hR0UuZSmPpwZi384Vzn3sZt5Y5_ZwYxW6b3u4nq2-40/edit,5
Lu 2021,Batch 8,FULL REPLACEMENT,Changes 576-patient three-arm chronic-pain trial into fabricated 24-h pain result.,,Lu 2021,414,1879896580,"**Resting NRS pain 24h (PRIMARY)**: Combined TEAS (n=190) median 1.0 (IQR 0, 1.0) [Wan mean 1.0 ± 0.7] vs Single TEAS (n=198) median 0.9 (IQR 0, 1.3) [Wan me...",Yes,Yes,Yes,Post-mastectomy chronic pain incidence,6 months,High,PARTIAL — selected RoB corrected; chronic-pain/remifentanil/PONV rows added,Use raw chronic-pain counts because printed RR/P-values conflict; exact 24-h sufentanil consumption remains missing,SOURCE-NORMALIZED OUTCOME ROWS ADDED,Source PDF / supplement / protocol / registration > reconciled source extraction > derivative model output,https://drive.google.com/drive/folders/1EWdZyTQjPSuoxt8n1nIr1t8D98PC-mso,https://docs.google.com/document/d/1hR0UuZSmPpwZi384Vzn3sZt5Y5_ZwYxW6b3u4nq2-40/edit,7
Lu 2022,Batch 10,FULL REPLACEMENT,"Changes 100/94 sample to 240 complete, intervention schedule and flatus result.",,Lu 2022,317,1879896426,"**Resting VAS pain 24h (PRIMARY)**: TEAS group (n=47) median 2.2 (0.0, 10.0) [estimated mean 2.2 ± 2.5] vs Control group (n=47) median 1.2 (0.0, 8.1) [estima...",Yes,Yes,Yes,Time to meet discharge criteria,Postoperative,High,PARTIAL — selected RoB corrected; discharge/GI/PCA-demand rows added,PCA attempts/deliveries are opioid-use proxies only; do not convert to dose without PCA drug/prescription,SOURCE-NORMALIZED OUTCOME ROWS ADDED,Source PDF / supplement / protocol / registration > reconciled source extraction > derivative model output,https://drive.google.com/drive/folders/1EWdZyTQjPSuoxt8n1nIr1t8D98PC-mso,https://docs.google.com/document/d/1hR0UuZSmPpwZi384Vzn3sZt5Y5_ZwYxW6b3u4nq2-40/edit,6
Luo 2026,Batch 18,RE-ADJUDICATE,Study/result scaffolding source-matched; incomplete sensory masking and exact outcome definition require fresh signaling logic.,,Luo 2026,35,1879895932,"**Postoperative pain NRS 24h (PRIMARY)**: TEAS group (n=138) 1.30 ± 0.92 vs Sham TEAS group (n=139) 1.65 ± 0.95 (P < 0.01) [MD -0.35, 95% CI -0.57 to -0.13]....",Yes,Yes,Yes,Cumulative postoperative nausea,0-48 h,Some concerns,PARTIAL — source-matched RoB re-adjudicated; nausea/vomiting/pain/opioid-QC rows added,Use separate nausea/vomiting results; exact 24-h oxycodone/MME remains unavailable and published opioid-equivalent unit is unresolved,SOURCE-NORMALIZED OUTCOME ROWS ADDED,Source PDF / supplement / protocol / registration > reconciled source extraction > derivative model output,https://drive.google.com/drive/folders/1EWdZyTQjPSuoxt8n1nIr1t8D98PC-mso,https://docs.google.com/document/d/1hR0UuZSmPpwZi384Vzn3sZt5Y5_ZwYxW6b3u4nq2-40/edit,6
Long 2025,Batch 16,FULL REPLACEMENT,"Invents 160/160, sham/masking and PND result; source has 60 randomized/53 analyzed and denominator inconsistencies.",,Long 2025,106,1879896090,"**Resting VAS pain 24h (PRIMARY)**: Group A (EA, n=27) 2.78 ± 0.97 vs Group C (Sham, n=26) 3.96 ± 0.96 (P < 0.001) [MD -1.18, 95% CI -1.70 to -0.66]. **Resti...",Yes,Yes,Yes,Perioperative neurocognitive disorder (PND),POD3,High,PARTIAL — selected RoB corrected; PND/pain/PCIA/PONV rows added,Do not derive PND denominators from inconsistent percentages; 24-h opioid dose remains unavailable,SOURCE-NORMALIZED OUTCOME ROWS ADDED,Source PDF / supplement / protocol / registration > reconciled source extraction > derivative model output,https://drive.google.com/drive/folders/1EWdZyTQjPSuoxt8n1nIr1t8D98PC-mso,https://docs.google.com/document/d/1hR0UuZSmPpwZi384Vzn3sZt5Y5_ZwYxW6b3u4nq2-40/edit,7
Li 2021,Batch 7,FULL REPLACEMENT,Changes 306 randomized/280 PP trial to 120/120 and fabricates mean/SD flatus result.,,Li 2021,437,1879896618,"**Length of hospital stay (days)**: TEAS group (n=140) 6.2 ± 3.3 vs Sham TEAS group (n=140) 8.1 ± 3.6 (P < 0.01) [MD -1.90, 95% CI -2.71 to -1.09]. **Postope...",Yes,Yes,Yes,Time to first bowel motion by auscultation,Postoperative,High,PARTIAL — selected RoB corrected; GI/pain/opioid-QC rows added,Use per-protocol denominators transparently; exact postoperative sufentanil dose cannot be reconstructed from implausible printed pump unit,SOURCE-NORMALIZED OUTCOME ROWS ADDED,Source PDF / supplement / protocol / registration > reconciled source extraction > derivative model output,https://drive.google.com/drive/folders/1EWdZyTQjPSuoxt8n1nIr1t8D98PC-mso,https://docs.google.com/document/d/1hR0UuZSmPpwZi384Vzn3sZt5Y5_ZwYxW6b3u4nq2-40/edit,5
Liu 2026 (ESD),Batch 18,FULL REPLACEMENT,False 129/129 complete analysis and fabricated primary event counts/propofol values.,Liu 2025 → Liu 2026 (ESD),Liu 2025,69,1879896009,"**Resting pain NRS 24h (PRIMARY)**: TEAS group (n=58) 1.2 ± 1.3 vs Sham TEAS group (n=62) 2.8 ± 1.9 (P < 0.01) [MD -1.60, 95% CI -2.18 to -1.02]. **Resting p...",Yes,Yes,Yes,Moderate-to-severe pain (NRS ≥4),Within 24 h,High,PARTIAL — selected RoB corrected; pain/morphine/PONV rows added,Binary rescue morphine is usable; cumulative 24-h morphine/MME is unavailable,SOURCE-NORMALIZED OUTCOME ROWS ADDED,Source PDF / supplement / protocol / registration > reconciled source extraction > derivative model output,https://drive.google.com/drive/folders/1EWdZyTQjPSuoxt8n1nIr1t8D98PC-mso,https://docs.google.com/document/d/1hR0UuZSmPpwZi384Vzn3sZt5Y5_ZwYxW6b3u4nq2-40/edit,5
Liu 2021,Batch 8,FULL REPLACEMENT,"Changes sample, acupoints, schedule, POCD definition/timepoint and numerical result.",,Liu 2021,424,1879896597,"**Resting VAS pain 24h (PRIMARY)**: TEAS group (n=50) 2.52 ± 0.505 vs Control group (n=50) 2.66 ± 0.626 (P = 0.221) [MD -0.14, 95% CI -0.36 to 0.08]. **Movem...",Yes,Yes,Yes,Postoperative cognitive decline (MMSE Z-score ≤ -2),POD1,Some concerns,PARTIAL — selected RoB corrected; POCD/pain/PCA-demand rows added,Do not reconstruct 24-h sufentanil dose from press counts or ambiguous pump formulation,SOURCE-NORMALIZED OUTCOME ROWS ADDED,Source PDF / supplement / protocol / registration > reconciled source extraction > derivative model output,https://drive.google.com/drive/folders/1EWdZyTQjPSuoxt8n1nIr1t8D98PC-mso,https://docs.google.com/document/d/1hR0UuZSmPpwZi384Vzn3sZt5Y5_ZwYxW6b3u4nq2-40/edit,5
Liu 2026 (burn),Batch 18,FULL REPLACEMENT,Misnamed Zhou 2026 RoB; entirely different invented colorectal/flatus trial.,Liu 2026 → Liu 2026 (burn),Liu 2026,48,1879895960,"**Composite PONV 0-24h (PRIMARY)**: TEAS group (n=43) 7/43 (16.3%) vs Sham TEAS group (n=43) 16/43 (37.2%) (P = 0.028) [RR 0.44, 95% CI 0.20 to 0.96]. **Part...",Yes,Yes,Yes,Intraoperative remifentanil consumption,Intraoperative,Some concerns,PARTIAL — selected RoB corrected; remifentanil/PONV/rescue/pain-QC rows added,Use Results/Figure 4 remifentanil medians; continuous 24-h postoperative MME remains non-calculable,SOURCE-NORMALIZED OUTCOME ROWS ADDED,Source PDF / supplement / protocol / registration > reconciled source extraction > derivative model output,https://drive.google.com/drive/folders/1EWdZyTQjPSuoxt8n1nIr1t8D98PC-mso,https://docs.google.com/document/d/1hR0UuZSmPpwZi384Vzn3sZt5Y5_ZwYxW6b3u4nq2-40/edit,5
Liu 2025,Batch 16,FULL REPLACEMENT,"Changes sample, acupoints/schedule, sleep instrument and arrhythmia/sleep results.",,Liu 2025,75,1879896021,"**Pain VAS 24h (PRIMARY)**: Depicted graphically in Figure 2 (~2.0/10 in both groups, requires author contact for numeric mean ± SD). **Intraop remifentanil ...",Yes,Yes,Yes,New-onset supraventricular tachycardia (SVT),First 24 h,Some concerns,PARTIAL — selected RoB corrected; SVT/sleep/pain-QC rows added,Use objective SVT and sleep-recorder data; 24-h pain remains graph-only and exact 24-h opioid consumption is unavailable,SOURCE-NORMALIZED OUTCOME ROWS ADDED,Source PDF / supplement / protocol / registration > reconciled source extraction > derivative model output,https://drive.google.com/drive/folders/1EWdZyTQjPSuoxt8n1nIr1t8D98PC-mso,https://docs.google.com/document/d/1hR0UuZSmPpwZi384Vzn3sZt5Y5_ZwYxW6b3u4nq2-40/edit,4
Li 2022,Batch 19,FULL REPLACEMENT,Changes EA protocol/dropout arm and fabricates significant 24-h mechanical-threshold and sufentanil results.,,Li 2022,359,1879896493,**Pain NRS 24h (PRIMARY)**: EA group (n=39) median 1.5 (1.0-3.0) vs Sham EA group (n=40) median 1.6 (1.0-3.0) (P = 0.223) (requires author contact for parame...,Yes,Yes,Yes,Postoperative NRS pain,24 h,Some concerns,PARTIAL — selected RoB corrected; 24-h pain and mechanical-threshold QC rows added,Do not reuse fabricated significant 24-h mechanical-threshold or sufentanil results,SOURCE-NORMALIZED OUTCOME ROWS ADDED,Source PDF / supplement / protocol / registration > reconciled source extraction > derivative model output,https://drive.google.com/drive/folders/1EWdZyTQjPSuoxt8n1nIr1t8D98PC-mso,https://docs.google.com/document/d/1hR0UuZSmPpwZi384Vzn3sZt5Y5_ZwYxW6b3u4nq2-40/edit,3
Lin 2002,Batch 20,FULL REPLACEMENT,Changes ST36-only preop EA to ST36+SP6/intraoperative; wrong PCA settings and fabricated 24-h morphine means.,,Lin 2002,951,1879897477,"**Cumulative 24h PCA morphine (mg) (PRIMARY)**: High-EA 100 Hz (Group IV, n=25) 15.0 ± 10.7 mg vs Sham-EA (Group II, n=25) 30.2 ± 14.4 mg vs Control (Group I...",Yes,Yes,Yes,Cumulative IV PCA morphine delivered,24-h test period,Some concerns,PARTIALLY READY — corrected RoB available for one selected result; confirm outcome matches planned synthesis,Use source data; DO NOT use original stored RoB. Rebuild result-specific RoB.,Candidate summary from Antigravity report; use only after source-level confirmation,Source PDF / supplement / protocol / registration > reconciled source extraction > derivative model output,https://drive.google.com/drive/folders/1EWdZyTQjPSuoxt8n1nIr1t8D98PC-mso,https://docs.google.com/document/d/1hR0UuZSmPpwZi384Vzn3sZt5Y5_ZwYxW6b3u4nq2-40/edit,4
Liang 2021,Batch 8,FULL REPLACEMENT,"Changes anesthesia/acupoints/timing, ignores 75 randomized/70 analyzed, invents unreported 6-h CRBD result.",,Liang 2021,432,1879896610,"**QoR-40 at 24h (PRIMARY)**: TEAS group (n=35) 191.7 ± 4.4 vs Control group (n=35) 189.1 ± 4.3 (P = 0.007) [MD 2.6, 95% CI 0.6 to 4.6]. **QoR-40 at 48h**: TE...",Yes,Yes,Yes,CRBD incidence,24 h,High,PARTIAL — selected RoB corrected; source CRBD timepoints added,Use actual end-surgery/PACU/24-h/48-h CRBD timepoints; discard the fabricated 6-h endpoint,SOURCE-NORMALIZED OUTCOME ROWS ADDED,Source PDF / supplement / protocol / registration > reconciled source extraction > derivative model output,https://drive.google.com/drive/folders/1EWdZyTQjPSuoxt8n1nIr1t8D98PC-mso,https://docs.google.com/document/d/1hR0UuZSmPpwZi384Vzn3sZt5Y5_ZwYxW6b3u4nq2-40/edit,5
Lee 2011,Batch 2,SPECIAL / SOURCE-QC,Four-arm trial; preserve direct cumulative Table 8 values; source interval/cumulative inconsistency and two low-frequency-arm exclusions.,,Lee 2011,812,1879897255,"**Cumulative 24h PCA morphine (mg) (PRIMARY)**: Dense-sparse TEAS (Group 4, n=10) 29.29 ± 8.89 mg vs Sham TEAS (Group 2, n=12) 34.20 ± 6.40 mg vs Control (Gr...",Yes,No,Yes,Cumulative IV PCA morphine delivered,First 24 postoperative hours,Some concerns,PARTIAL — selected RoB corrected; four-arm 24-h morphine/pain rows added,Preserve four arms and direct cumulative Table 8 values; shared comparator must be handled statistically,SOURCE-NORMALIZED OUTCOME ROWS ADDED,Source PDF / supplement / protocol / registration > reconciled source extraction > derivative model output,https://drive.google.com/drive/folders/1EWdZyTQjPSuoxt8n1nIr1t8D98PC-mso,https://docs.google.com/document/d/1hR0UuZSmPpwZi384Vzn3sZt5Y5_ZwYxW6b3u4nq2-40/edit,4
Jin 2023,Batch 11,FULL REPLACEMENT,"Collapses three arms, invents anesthesia/schedule, complete follow-up and pump/fentanyl results.",Jin 2022 → Jin 2023,Jin 2022,326,1879896440,**Cumulative 24h PCIA fentanyl volume (mL) (PRIMARY)**: 2-Hz EA (n=53) 39.31 ± 15.58 mL vs 20/100-Hz EA (n=53) 45.72 ± 16.92 mL vs Sham EA (n=52) 56.54 ± 12....,Yes,Yes,Yes,Cumulative analgesic pump compressions,48 h,High,PARTIAL — selected RoB corrected; three-arm pump-demand/24-h PCIA-volume rows added,PCIA volume in mL is source-valid but cannot become fentanyl mass/MME until concentration is recovered,SOURCE-NORMALIZED OUTCOME ROWS ADDED,Source PDF / supplement / protocol / registration > reconciled source extraction > derivative model output,https://drive.google.com/drive/folders/1EWdZyTQjPSuoxt8n1nIr1t8D98PC-mso,https://docs.google.com/document/d/1hR0UuZSmPpwZi384Vzn3sZt5Y5_ZwYxW6b3u4nq2-40/edit,5
Jiang 2026,Batch 17,FULL REPLACEMENT,"Treats PP 587 as randomized/ITT, changes protocol and flatus value/HR.",,Jiang 2026,4,1879895860,"**24h PONV incidence (PRIMARY)**: TEAS group (n=294) 44/294 (15.0%) vs Sham-TEAS group (n=293) 67/293 (22.9%) (P = 0.015) [RR 0.59, 95% CI 0.39 to 0.90]. **T...",Yes,Yes,Yes,Time to first flatus,Modified-ITT-type analysis,Some concerns,"PARTIAL — selected RoB corrected; PP/mITT flatus, PONV and intraop-opioid rows added","Never call 587 randomized or full ITT; retain 614 randomized, 593 intervention recipients and 587 PP separately",SOURCE-NORMALIZED OUTCOME ROWS ADDED,Source PDF / supplement / protocol / registration > reconciled source extraction > derivative model output,https://drive.google.com/drive/folders/1EWdZyTQjPSuoxt8n1nIr1t8D98PC-mso,https://docs.google.com/document/d/1hR0UuZSmPpwZi384Vzn3sZt5Y5_ZwYxW6b3u4nq2-40/edit,5
Huang 2025,Batch 16,FULL REPLACEMENT,Invents three-arm colorectal trial and 24-h sufentanil values; source is two-arm postoperative EA with 13 exclusions.,,Huang 2025,131,1879896131,"**Time to first flatus (hours) (PRIMARY)**: EA group (n=43) 36.4 ± 8.0 vs Standard care group (n=45) 42.2 ± 8.5 (P < 0.001) [MD -5.8 h, HR 1.9, 95% CI 1.2 to...",Yes,Yes,Yes,Time to first flatus,Postoperative,High,PARTIAL — selected RoB corrected; GI and opioid-missingness rows added,Use 101 randomized/88 analyzed; no exact PCA opioid dose is available,SOURCE-NORMALIZED OUTCOME ROWS ADDED,Source PDF / supplement / protocol / registration > reconciled source extraction > derivative model output,https://drive.google.com/drive/folders/1EWdZyTQjPSuoxt8n1nIr1t8D98PC-mso,https://docs.google.com/document/d/1hR0UuZSmPpwZi384Vzn3sZt5Y5_ZwYxW6b3u4nq2-40/edit,3
Huang 2017,Batch 5,NO MATCHING RoB,Source extraction/Gemini reconciled; four-arm frequency trial with ambiguous postoperative dose window; fresh result-specific RoB needed.,,Huang 2017,3811,1882881457,**Intraop remifentanil (PRIMARY)**: Control (n=20) 0.1617 ± 0.037 µg/kg/min vs 2/100 Hz TEAS (n=20) 0.1128 ± 0.034 µg/kg/min (P <= 0.001) [MD -0.0489]. **PAC...,Yes,Yes,Yes,Total opioid as remifentanil-equivalent rate,Intraoperative,Some concerns,PARTIAL — fresh RoB created; four-arm intraoperative and postoperative-window-QC rows added,Use 2/100-Hz intraoperative signal as direct source result; exact postoperative 24-h sufentanil remains unavailable,SOURCE-NORMALIZED OUTCOME ROWS ADDED,Source PDF / supplement / protocol / registration > reconciled source extraction > derivative model output,https://drive.google.com/drive/folders/1EWdZyTQjPSuoxt8n1nIr1t8D98PC-mso,https://docs.google.com/document/d/1hR0UuZSmPpwZi384Vzn3sZt5Y5_ZwYxW6b3u4nq2-40/edit,5
Huang 2024,Batch 13,FULL REPLACEMENT,Attached Liu RoB is unrelated colorectal/TEAS trial with fabricated flatus endpoint.,Huang 2023 → Huang 2024,Huang 2023,245,1879896311,**Pain VAS 24h movement (PRIMARY)**: Contralateral EA (n=38) 53.16 ± 9.99 vs Ipsilateral EA (n=38) 53.50 ± 10.79 vs Sham EA (n=38) 56.71 ± 9.84 (0-100 scale)...,Yes,Yes,Yes,VAS during walking/knee movement,POD1,Some concerns,PARTIAL — selected RoB corrected; three-arm pain/PCA-proxy rows added,Preserve three arms; PCA release cannot be converted to opioid mass and POD2 is not exact 24 h after surgery,SOURCE-NORMALIZED OUTCOME ROWS ADDED,Source PDF / supplement / protocol / registration > reconciled source extraction > derivative model output,https://drive.google.com/drive/folders/1EWdZyTQjPSuoxt8n1nIr1t8D98PC-mso,https://docs.google.com/document/d/1hR0UuZSmPpwZi384Vzn3sZt5Y5_ZwYxW6b3u4nq2-40/edit,4
Hou 2023,Batch 11,FULL REPLACEMENT,Stored RoB invents 186-woman gynecologic trial and 24-h sufentanil outcome not reported.,,Hou 2023,295,1879896391,"**PONV 0-24h (PRIMARY)**: TEAS group (n=36) 4/36 (11.1%) vs Sham TEAS group (n=36) 12/36 (33.3%) (P = 0.023) [RR 0.33, 95% CI 0.12 to 0.92]. **Participants r...",Yes,Yes,Yes,PONV incidence,Postoperative,Some concerns,PARTIAL — selected RoB corrected; PONV/pain/rescue/PCIA-missingness rows added,Do not convert fixed basal sufentanil exposure into actual 24-h consumption; bolus use is unreported,SOURCE-NORMALIZED OUTCOME ROWS ADDED,Source PDF / supplement / protocol / registration > reconciled source extraction > derivative model output,https://drive.google.com/drive/folders/1EWdZyTQjPSuoxt8n1nIr1t8D98PC-mso,https://docs.google.com/document/d/1hR0UuZSmPpwZi384Vzn3sZt5Y5_ZwYxW6b3u4nq2-40/edit,4
He 2026 (hepatectomy/JIS),Batch 17,FULL REPLACEMENT,Replaces multicenter PC6/PONV trial with fabricated colorectal/flatus trial.,He 2026 (Hepatectomy) → He 2026 (hepatectomy/JIS),He 2026 (Hepatectomy),25,1879895909,"**Opioid 0-24h (PRIMARY)**: TEAS group (n=80) 20.0 ± 2.5 mg IV MME vs Control group (n=79) 20.6 ± 4.5 mg IV MME (P = 0.30) [MD -0.6 mg, 95% CI -1.7 to 0.5]. ...",Yes,No,Yes,Total postoperative opioid consumption in morphine equivalents,0-24 h,Some concerns,PARTIAL — fresh RoB created; supplemental 24-h MME and PONV/PCA-demand rows added,This is a valid source-reported 24-h MME endpoint; do not infer opioid sparing from fewer PCA presses because total MME was unchanged,SOURCE-NORMALIZED OUTCOME ROWS ADDED,Source PDF / supplement / protocol / registration > reconciled source extraction > derivative model output,https://drive.google.com/drive/folders/1EWdZyTQjPSuoxt8n1nIr1t8D98PC-mso,https://docs.google.com/document/d/1hR0UuZSmPpwZi384Vzn3sZt5Y5_ZwYxW6b3u4nq2-40/edit,3
He 2026 (breast/WJCO),Batch 17,FULL REPLACEMENT,"Changes cancer type, invasive EA protocol and pain result; invents concealment and other outcomes.",He 2026 → He 2026 (breast/WJCO),He 2026,41,1879895945,**Pain VAS 24h at rest (PRIMARY)**: EA group (n=65) 1.789 ± 0.174 vs Control group (n=65) 2.692 ± 0.174 (P < 0.01) [MD -0.903]. **Pain VAS 24h during movemen...,Yes,Yes,Yes,Moderate-to-severe movement-evoked pain (VAS >4),24 h,Some concerns,PARTIAL — fresh RoB created; 24-h pain rows added,No quantitative postoperative opioid endpoint exists because rescue morphine consumption was not recorded,SOURCE-NORMALIZED OUTCOME ROWS ADDED,Source PDF / supplement / protocol / registration > reconciled source extraction > derivative model output,https://drive.google.com/drive/folders/1EWdZyTQjPSuoxt8n1nIr1t8D98PC-mso,https://docs.google.com/document/d/1hR0UuZSmPpwZi384Vzn3sZt5Y5_ZwYxW6b3u4nq2-40/edit,4
Gu 2019,Batch 6,FULL REPLACEMENT,"Stored RoB invents three arms, wrong treatment schedule/denominators and flatus values.",,Gu 2019,848,1881841223,**Pain VAS 24h at rest (PRIMARY)**: L-TEAS (n=58) 1.98 ± 0.39 vs C-TEAS (n=59) 2.72 ± 0.73 (P < 0.05) [MD -0.74]. **PONV 0-24h (PRIMARY)**: L-TEAS 7/58 (12.1...,Yes,Yes,Yes,Time to first flatus,Postoperative,Some concerns,PARTIAL — selected RoB corrected; GI/pain/PCIA rows added,Exact 24-h PCIA/sufentanil is graph-only; do not interpolate from 8-h and 36-h values,SOURCE-NORMALIZED OUTCOME ROWS ADDED,Source PDF / supplement / protocol / registration > reconciled source extraction > derivative model output,https://drive.google.com/drive/folders/1EWdZyTQjPSuoxt8n1nIr1t8D98PC-mso,https://docs.google.com/document/d/1hR0UuZSmPpwZi384Vzn3sZt5Y5_ZwYxW6b3u4nq2-40/edit,8
Guo 2023,Batch 11,FULL REPLACEMENT,Replaces cognition-focused lung-cancer trial with fabricated bariatric GI-recovery trial.,,Guo 2023,260,1879896335,**Intraop remifentanil**: TEAS (n=55) 0.87 ± 0.30 mg vs Sham-TEAS (n=55) 1.01 ± 0.39 mg (P = 0.040). **Intraop sufentanil**: TEAS 29.42 ± 7.62 µg vs Sham-TEA...,Yes,Yes,Yes,Postoperative cognitive dysfunction,POD1,High,PARTIAL — selected RoB corrected; POCD/intraop-opioid/graph-only pain rows added,Use complete-case POCD only with high attrition caution; actual postoperative sufentanil consumption is missing,SOURCE-NORMALIZED OUTCOME ROWS ADDED,Source PDF / supplement / protocol / registration > reconciled source extraction > derivative model output,https://drive.google.com/drive/folders/1EWdZyTQjPSuoxt8n1nIr1t8D98PC-mso,https://docs.google.com/document/d/1hR0UuZSmPpwZi384Vzn3sZt5Y5_ZwYxW6b3u4nq2-40/edit,6
Grech 2016,Batch 5,FULL REPLACEMENT,Stored RoB describes a different 40-patient abdominal-surgery morphine trial.,,Grech 2016,619,1879896952,"**Opioid 0-24h (PRIMARY)**: Measured-not-reported numerically in text/tables (graph-only in Fig 1, converted to missing_data: true, N=10 EA vs N=9 Control). ...",Yes,Yes,Yes,PACU analgesic requirement in women-only subgroup,PACU,High,PARTIAL — fresh RoB created; graph-only analgesic/pain rows added,No exact 24-h opioid result exists; do not use fabricated 28-vs-36 mg values from the invalid RoB,SOURCE-NORMALIZED OUTCOME ROWS ADDED,Source PDF / supplement / protocol / registration > reconciled source extraction > derivative model output,https://drive.google.com/drive/folders/1EWdZyTQjPSuoxt8n1nIr1t8D98PC-mso,https://docs.google.com/document/d/1hR0UuZSmPpwZi384Vzn3sZt5Y5_ZwYxW6b3u4nq2-40/edit,3
Gao 2021,Batch 7,FULL REPLACEMENT,Changes 610-person 10-center postoperative TEAS trial to 400-person fabricated design/result.,,Gao 2021,400,1879896559,**Opioid 0-24h (PRIMARY)**: Measured-not-reported (requires author contact). **Intraop sufentanil**: TEAS (n=303) 30.0 µg (IQR 25.0-35.0) [mean ~30.00 ± 7.41...,Yes,Yes,Yes,Postoperative paralytic ileus,No flatus >72 h,Some concerns,PARTIAL — selected RoB corrected; POI/GI rows added,Full ITT source data usable for GI outcomes; postoperative opioid dose remains unreported,SOURCE-NORMALIZED OUTCOME ROWS ADDED,Source PDF / supplement / protocol / registration > reconciled source extraction > derivative model output,https://drive.google.com/drive/folders/1EWdZyTQjPSuoxt8n1nIr1t8D98PC-mso,https://docs.google.com/document/d/1hR0UuZSmPpwZi384Vzn3sZt5Y5_ZwYxW6b3u4nq2-40/edit,5
El-Rakshy 2009,Batch 2,SPECIAL / SOURCE-QC,Publication has irreconcilable allocation/analyzed denominators; preserve outcome-specific n and direct published morphine values.,,El-Rakshy 2009,837,1879897344,**Opioid 0-24h (PRIMARY)**: PCA + acupuncture EA (n=42) 35.3 ± 18.0 mg morphine vs PCA alone (n=53) 36.9 ± 18.0 mg morphine (P = 0.961). **Opioid 0-4h**: EA ...,Yes,Yes,Yes,Total IV morphine analgesia,First 24 h,High,SOURCE-NORMALIZED — OUTCOME-SPECIFIC DENOMINATORS REQUIRED,Use n=42 EA and n=53 control for the 24-h morphine result; overall group labels/denominators are irreconcilable.,SOURCE-NORMALIZED OUTCOME ROWS ADDED,Source PDF / supplement / protocol / registration > reconciled source extraction > derivative model output,https://drive.google.com/drive/folders/1EWdZyTQjPSuoxt8n1nIr1t8D98PC-mso,https://docs.google.com/document/d/1hR0UuZSmPpwZi384Vzn3sZt5Y5_ZwYxW6b3u4nq2-40/edit,2
Coura 2011,Batch 1,SPECIAL / SOURCE-QC,10/32 post-randomization exclusions; exact 24-h pain point unresolved; supplemental opioid inclusion unclear.,,Coura 2011,838,1879897266,**Opioid 0-24h (PRIMARY)**: Treatment EA (n=13) 13.1 ± 2.2 µg/kg fentanyl vs Control Sham (n=9) 16.3 ± 1.6 µg/kg fentanyl (P < 0.002) [PCA bolus: 4.1 ± 2.0 v...,Yes,Yes,Yes,Cumulative fentanyl,First 24 h,High,SOURCE-NORMALIZED — QC HOLD,10/32 post-randomization exclusions; exact 24-h fentanyl is source reported but missing-data risk is high.,SOURCE-NORMALIZED OUTCOME ROWS ADDED,Source PDF / supplement / protocol / registration > reconciled source extraction > derivative model output,https://drive.google.com/drive/folders/1EWdZyTQjPSuoxt8n1nIr1t8D98PC-mso,https://docs.google.com/document/d/1hR0UuZSmPpwZi384Vzn3sZt5Y5_ZwYxW6b3u4nq2-40/edit,1
Chen 1998,Batch 1,SPECIAL / SOURCE-QC,Four-arm RCT; locked two-arm Covidence structure is invalid; preserve all arms and direct 24-h hydromorphone values.,,Chen 1998,969,1879897506,**Opioid 0-24h (PRIMARY)**: Group IV Acupoint TEAS (n=25) 6.5 ± 3.5 mg hydromorphone vs Group I Sham TEAS (n=25) 10.7 ± 5.0 mg (P < 0.05) [OME: 130 mg vs 214...,Yes,Yes,Yes,Cumulative IV PCA hydromorphone,First 24 h,Some concerns,SOURCE-NORMALIZED — FOUR-ARM STRUCTURE RETAINED,Keep all four randomized arms and shared sham handling; do not collapse to a two-arm study.,SOURCE-NORMALIZED OUTCOME ROWS ADDED,Source PDF / supplement / protocol / registration > reconciled source extraction > derivative model output,https://drive.google.com/drive/folders/1EWdZyTQjPSuoxt8n1nIr1t8D98PC-mso,https://docs.google.com/document/d/1hR0UuZSmPpwZi384Vzn3sZt5Y5_ZwYxW6b3u4nq2-40/edit,3
Chen 2020,Batch 1,SPECIAL / SOURCE-QC,Core source extraction verified; cross-contaminated Gemini RoB derivative must be excluded/re-extracted; correct sham has pre/post 4 mA and intraoperative 0 mA.,,Chen 2020,480,1879896688,**Opioid 0-24h (PRIMARY)**: TEAS (n=40) 72.43 ± 4.78 µg sufentanil vs Sham TEAS (n=40) 100.62 ± 10.20 µg (P < 0.001) [MD -28.19 µg]. **Opioid 0-48h**: TEAS 1...,Yes,No,Yes,Cumulative sufentanil,24 h,Some concerns,SOURCE-NORMALIZED — CORRECT SOURCE RoB REBUILT,Use the verified 72.43 ± 4.78 vs 100.62 ± 10.20 µg result and the actual sham protocol.,SOURCE-NORMALIZED OUTCOME ROWS ADDED,Source PDF / supplement / protocol / registration > reconciled source extraction > derivative model output,https://drive.google.com/drive/folders/1EWdZyTQjPSuoxt8n1nIr1t8D98PC-mso,https://docs.google.com/document/d/1hR0UuZSmPpwZi384Vzn3sZt5Y5_ZwYxW6b3u4nq2-40/edit,2
Ao 2021,Batches 1 and 9,FULL REPLACEMENT,Source 70 randomized/65 analyzed; stored RoB invents 90/90 and exact graph-only 24-h VAS.,,Ao 2021,438,1879896620,**Opioid 0-48h**: TEAS (n=32) 102.8 ± 7.4 ml vs Sham TEAS (n=33) 120.6 ± 9.2 ml (sufentanil 1.5 µg/kg in 150 ml NS). **Opioid 0-24h**: Measured-not-reported ...,Yes,Yes,Yes,Cumulative PCA solution consumption,48 h,Some concerns,SOURCE-NORMALIZED — 24H OPIOID STILL MISSING,48-h PCA volume is direct; 24-h VAS is graph-derived and exact 24-h sufentanil remains unavailable.,SOURCE-NORMALIZED OUTCOME ROWS ADDED,Source PDF / supplement / protocol / registration > reconciled source extraction > derivative model output,https://drive.google.com/drive/folders/1EWdZyTQjPSuoxt8n1nIr1t8D98PC-mso,https://docs.google.com/document/d/1hR0UuZSmPpwZi384Vzn3sZt5Y5_ZwYxW6b3u4nq2-40/edit,3
An 2014,Batch 20,FULL REPLACEMENT,Stored RoB invents 90-patient three-arm sham trial and 24-h morphine result; true source is 88-randomized two-arm EA/control with fentanyl PCIA.,,An 2014,698,1879897069,**Opioid 0-48h**: EA (n=41) 0.67 ± 0.09 mg fentanyl; Control (n=40) 0.73 ± 0.12 mg fentanyl. **Opioid 0-24h**: Measured-not-reported (requires author contact...,No,Yes,Yes,Total postoperative fentanyl PCIA dose,Reported 48-h PCIA period,High,SOURCE-NORMALIZED — 24H ENDPOINT UNAVAILABLE,Use 0.67 ± 0.09 vs 0.73 ± 0.12 mg only for the reported 48-h period; exact 0-24 h cannot be reconstructed.,SOURCE-NORMALIZED OUTCOME ROWS ADDED,Source PDF / supplement / protocol / registration > reconciled source extraction > derivative model output,https://drive.google.com/drive/folders/1EWdZyTQjPSuoxt8n1nIr1t8D98PC-mso,https://docs.google.com/document/d/1hR0UuZSmPpwZi384Vzn3sZt5Y5_ZwYxW6b3u4nq2-40/edit,2
Chen 2015,Batch 5,FULL REPLACEMENT,Distinct QoR-40 thyroidectomy trial (NCT02333747); stored RoB changes sample/intervention/outcome and requires complete replacement.,,Chen 2015,657,1879897004,**Opioid 0-24h (PRIMARY)**: TEAS (n=41) median 1 dose (IQR 1-3) [mean ~3.0 ± 2.96 mg morphine] vs Control (n=42) median 3.5 doses (IQR 2-7) [mean ~8.0 ± 7.41...,Yes,Yes,Yes,Global QoR-40,24 h,High,SOURCE-NORMALIZED — QoR + DERIVED RESCUE-MORPHINE ROWS ADDED,QoR is source-valid; rescue morphine median/IQR is derived exactly from fixed 2-mg administrations.,SOURCE-NORMALIZED OUTCOME ROWS ADDED,Source PDF / supplement / protocol / registration > reconciled source extraction > derivative model output,https://drive.google.com/drive/folders/1EWdZyTQjPSuoxt8n1nIr1t8D98PC-mso,https://docs.google.com/document/d/1hR0UuZSmPpwZi384Vzn3sZt5Y5_ZwYxW6b3u4nq2-40/edit,3
Chen 2015 (Hyperalgesia),Batch 4,FULL REPLACEMENT,Distinct thyroidectomy remifentanil-hyperalgesia/mechanical-threshold trial; stored RoB contains material study/result mismatches and requires complete replacement.,,Chen 2015 (Hyperalgesia),632,1879897029,**Opioid 0-24h (PRIMARY)**: TEAS (n=29) median 3 boluses (IQR 2-4) [mean ~8.66 ± 4.27 µg sufentanil] vs Control median 7 boluses (IQR 6-8) [mean ~19.88 ± 4.2...,Yes,Yes,Yes,Cumulative rescue sufentanil PCIA boluses,0-24 h,Some concerns,SOURCE-NORMALIZED — WEIGHT-NORMALIZED OPIOID DERIVATION ADDED,Use bolus counts directly; derived 0.05 µg/kg-per-bolus totals must not be converted to absolute µg using average body weight.,SOURCE-NORMALIZED OUTCOME ROWS ADDED,Source PDF / supplement / protocol / registration > reconciled source extraction > derivative model output,https://drive.google.com/drive/folders/1EWdZyTQjPSuoxt8n1nIr1t8D98PC-mso,https://docs.google.com/document/d/1hR0UuZSmPpwZi384Vzn3sZt5Y5_ZwYxW6b3u4nq2-40/edit,3
